NVIC_id,SMILES,[Absorption/Caco-2 (logPaap)] Predictions,[Absorption/Caco-2 (logPaap)] Interpretation,[Absorption/Human Oral Bioavailability 20%] Predictions,[Absorption/Human Oral Bioavailability 20%] Probability,[Absorption/Human Oral Bioavailability 20%] Interpretation,[Absorption/Human Intestinal Absorption] Predictions,[Absorption/Human Intestinal Absorption] Probability,[Absorption/Human Intestinal Absorption] Interpretation,[Absorption/Madin-Darby Canine Kidney] Predictions,[Absorption/Madin-Darby Canine Kidney] Interpretation,[Absorption/Human Oral Bioavailability 50%] Predictions,[Absorption/Human Oral Bioavailability 50%] Probability,[Absorption/Human Oral Bioavailability 50%] Interpretation,[Absorption/P-Glycoprotein Inhibitor] Predictions,[Absorption/P-Glycoprotein Inhibitor] Probability,[Absorption/P-Glycoprotein Inhibitor] Interpretation,[Absorption/P-Glycoprotein Substrate] Predictions,[Absorption/P-Glycoprotein Substrate] Probability,[Absorption/P-Glycoprotein Substrate] Interpretation,[Absorption/Skin Permeability] Predictions,[Absorption/Skin Permeability] Interpretation
NVIC0001,NCC(=O)Nc1ccc(cc1)n1nc(cc1c1ccc2c(c1)ccc1c2cccc1)C(F)(F)F	,-5.46,None,Bioavailable,0.782,Bioavailable  (Medium Confidence),Absorbed,1,Absorbed  (High Confidence),-5.01,Proper Value:  > 2 x 10-6cm/s,Bioavailable,0.513,Bioavailable  (Low Confidence),Non-Inhibitor,0.005,Non-Inhibitor  (High Confidence),Non-Substrate,0.41,Non-Substrate  (Low Confidence),-2.33,Low Skin Permeability: log KP > -2.5
NVIC0002,COc1cc2CCN([C@H]3c2cc1Oc1c2c(CCN([C@H]2Cc2ccc(Oc4cc(C3)ccc4OC)cc2)C)cc2c1OCO2)C	,-5.37,None,Non-Bioavailable,0.385,Non-Bioavailable  (Low Confidence),Non-Absorbed,0.225,Non-Absorbed  (Medium Confidence),-4.19,Proper Value:  > 2 x 10-6cm/s,Non-Bioavailable,0.349,Non-Bioavailable  (Low Confidence),Inhibitor,1,Inhibitor  (High Confidence),Substrate,0.777,Substrate  (Medium Confidence),103.88,Low Skin Permeability: log KP > -2.5
NVIC0003,CC(=C)[C@H]1Oc2c(C1)c1NC(=O)[C@@]3(c1cc2)C[C@@]12[C@@H](C3(C)C)C[C@@]3(C(=O)N1)N(C2=O)CCC3	,-5.18,None,Bioavailable,0.613,Bioavailable  (Low Confidence),Absorbed,0.944,Absorbed  (High Confidence),-4.85,Proper Value:  > 2 x 10-6cm/s,Non-Bioavailable,0.383,Non-Bioavailable  (Low Confidence),Non-Inhibitor,0.004,Non-Inhibitor  (High Confidence),Substrate,0.786,Substrate  (Medium Confidence),-0.34,Low Skin Permeability: log KP > -2.5
NVIC0004,O=C1N(c2cccc(c2)C(F)(F)F)C(=O)[C@H]2[C@H]1C1c3ccccc3C2(c2c1cccc2)C(=O)C	,-5.18,None,Bioavailable,0.816,Bioavailable  (Medium Confidence),Absorbed,0.998,Absorbed  (High Confidence),-4.7,Proper Value:  > 2 x 10-6cm/s,Non-Bioavailable,0.159,Non-Bioavailable  (High Confidence),Inhibitor,0.859,Inhibitor  (High Confidence),Non-Substrate,0.162,Non-Substrate  (High Confidence),-3.21,Low Skin Permeability: log KP > -2.5
NVIC0005,O=C(N1CCCc2c1cccc2)CSc1nnnn1c1cccc2c1cccc2	,-4.93,None,Bioavailable,0.731,Bioavailable  (Medium Confidence),Absorbed,0.98,Absorbed  (High Confidence),-4.77,Proper Value:  > 2 x 10-6cm/s,Bioavailable,0.886,Bioavailable  (High Confidence),Inhibitor,0.652,Inhibitor  (Low Confidence),Non-Substrate,0.215,Non-Substrate  (Medium Confidence),-2.07,Low Skin Permeability: log KP > -2.5
NVIC0006,COc1ccc2c(c1)CC[C@@H]1[C@@H]2CC[C@]2([C@H]1CC[C@@H]2NCCCCCCN1C(=O)C=CC1=O)C	,-5.12,None,Non-Bioavailable,0.382,Non-Bioavailable  (Low Confidence),Absorbed,0.973,Absorbed  (High Confidence),-4.59,Proper Value:  > 2 x 10-6cm/s,Bioavailable,0.783,Bioavailable  (Medium Confidence),Non-Inhibitor,0.033,Non-Inhibitor  (High Confidence),Substrate,0.719,Substrate  (Medium Confidence),-2.11,Low Skin Permeability: log KP > -2.5
NVIC0007,CC(C[C@@H]1N[C@@H]2N(C1=O)c1c([C@@]32C[C@@H]2C(=O)N[C@@](O3)(C)c3n2c(=O)c2c(n3)cccc2)cccc1)C	,-5.49,None,Bioavailable,0.713,Bioavailable  (Medium Confidence),Absorbed,0.977,Absorbed  (High Confidence),-4.64,Proper Value:  > 2 x 10-6cm/s,Non-Bioavailable,0.179,Non-Bioavailable  (Medium Confidence),Inhibitor,0.984,Inhibitor  (High Confidence),Substrate,0.712,Substrate  (Medium Confidence),-1.28,Low Skin Permeability: log KP > -2.5
NVIC0008,COc1ccccc1c1cc2ccc(cc2[nH]c1=O)Cl	,-4.7,None,Bioavailable,0.864,Bioavailable  (High Confidence),Absorbed,0.999,Absorbed  (High Confidence),-4.57,Proper Value:  > 2 x 10-6cm/s,Non-Bioavailable,0.475,Non-Bioavailable  (Low Confidence),Inhibitor,0.991,Inhibitor  (High Confidence),Non-Substrate,0.054,Non-Substrate  (High Confidence),-1.25,Low Skin Permeability: log KP > -2.5
NVIC0009,N/C(=N\Cc1ccccc1)/NC(=O)c1nc(Cl)c(nc1N)N	,-5.94,None,Bioavailable,0.825,Bioavailable  (Medium Confidence),Absorbed,0.983,Absorbed  (High Confidence),-4.73,Proper Value:  > 2 x 10-6cm/s,Bioavailable,0.677,Bioavailable  (Medium Confidence),Non-Inhibitor,0.003,Non-Inhibitor  (High Confidence),Substrate,0.513,Substrate  (Low Confidence),-3.97,Low Skin Permeability: log KP > -2.5
NVIC0010,C[C@H]1CC[C@]2([C@@]3([C@@H]1O)O[C@@]1([C@]4([C@@]3(O)[C@@]([C@@]2(C)C1)(O)[C@@H]([C@]4(O)C(C)C)OC(=O)c1[nH]ccc1)C)O)O	,-6.42,None,Non-Bioavailable,0.272,Non-Bioavailable  (Medium Confidence),Non-Absorbed,0.216,Non-Absorbed  (Medium Confidence),-5.6,Proper Value:  > 2 x 10-6cm/s,Bioavailable,0.735,Bioavailable  (Medium Confidence),Non-Inhibitor,0.003,Non-Inhibitor  (High Confidence),Non-Substrate,0.387,Non-Substrate  (Low Confidence),1.04,Low Skin Permeability: log KP > -2.5
NVIC0011,Cc1coc2c1C(=O)C(=O)c1c2ccc2c1cccc2C	,-4.71,None,Bioavailable,0.767,Bioavailable  (Medium Confidence),Absorbed,1,Absorbed  (High Confidence),-4.6,Proper Value:  > 2 x 10-6cm/s,Non-Bioavailable,0.412,Non-Bioavailable  (Low Confidence),Inhibitor,0.993,Inhibitor  (High Confidence),Non-Substrate,0.108,Non-Substrate  (High Confidence),-1.53,Low Skin Permeability: log KP > -2.5
NVIC0012,OC[C@H]1O[C@@]([C@H]([C@@H]1O)O)(CO)O[C@H]1O[C@H](CO[C@@H]2O[C@H](CO)[C@H]([C@@H]([C@H]2O)O)O)[C@H]([C@@H]([C@H]1O)O)O	,-6.24,None,Non-Bioavailable,0.1,Non-Bioavailable  (High Confidence),Non-Absorbed,0.005,Non-Absorbed  (High Confidence),-5.7,Proper Value:  > 2 x 10-6cm/s,Non-Bioavailable,0.098,Non-Bioavailable  (High Confidence),Non-Inhibitor,0,Non-Inhibitor  (High Confidence),Non-Substrate,0.192,Non-Substrate  (Medium Confidence),0.81,Low Skin Permeability: log KP > -2.5
NVIC0013,COc1ccc2c(c1)nc(s2)NC(c1ccc2c(c1O)nccc2)c1ccc(cc1)OC(F)F	,-5.19,None,Bioavailable,0.643,Bioavailable  (Low Confidence),Absorbed,0.986,Absorbed  (High Confidence),-4.86,Proper Value:  > 2 x 10-6cm/s,Bioavailable,0.532,Bioavailable  (Low Confidence),Inhibitor,0.976,Inhibitor  (High Confidence),Non-Substrate,0.167,Non-Substrate  (Medium Confidence),-1.51,Low Skin Permeability: log KP > -2.5
NVIC0014,CNc1ccc2c(c1C(=O)O)nc(o2)C[C@H]1O[C@@]2(CC[C@H]1C)O[C@@H]([C@@H](C[C@H]2C)C)[C@@H](C(=O)c1ccc[nH]1)C	,-5.31,None,Bioavailable,0.815,Bioavailable  (Medium Confidence),Absorbed,0.968,Absorbed  (High Confidence),-5.19,Proper Value:  > 2 x 10-6cm/s,Non-Bioavailable,0.115,Non-Bioavailable  (High Confidence),Inhibitor,0.556,Inhibitor  (Low Confidence),Non-Substrate,0.29,Non-Substrate  (Medium Confidence),-0.58,Low Skin Permeability: log KP > -2.5
NVIC0015,CCC(COC(=O)[C@@H](N[P@@](=O)(Oc1ccccc1)OC[C@H]1O[C@@]([C@@H]([C@@H]1O)O)(C#N)c1ccc2n1ncnc2N)C)CC	,-6.04,None,Non-Bioavailable,0.47,Non-Bioavailable  (Low Confidence),Absorbed,0.73,Absorbed  (Medium Confidence),-4.75,Proper Value:  > 2 x 10-6cm/s,Non-Bioavailable,0.217,Non-Bioavailable  (Medium Confidence),Non-Inhibitor,0.376,Non-Inhibitor  (Low Confidence),Substrate,0.578,Substrate  (Low Confidence),5.12,Low Skin Permeability: log KP > -2.5
NVIC0016,CCN(c1ccc(cc1)/C(=C/1\C=CC(=[N+](CC)CC)C=C1)/c1ccccc1)CC	,-4.67,None,Bioavailable,0.644,Bioavailable  (Low Confidence),Absorbed,0.919,Absorbed  (High Confidence),-4.86,Proper Value:  > 2 x 10-6cm/s,Non-Bioavailable,0.473,Non-Bioavailable  (Low Confidence),Inhibitor,0.997,Inhibitor  (High Confidence),Substrate,0.882,Substrate  (High Confidence),-3.53,Low Skin Permeability: log KP > -2.5
NVIC0017,OC[C@H]1O[C@H]([C@@H]([C@@H]1O)O)c1n[nH]c(c1O)C(=O)N	,-5.59,None,Bioavailable,0.513,Bioavailable  (Low Confidence),Non-Absorbed,0.445,Non-Absorbed  (Low Confidence),-5.66,Proper Value:  > 2 x 10-6cm/s,Non-Bioavailable,0.222,Non-Bioavailable  (Medium Confidence),Non-Inhibitor,0,Non-Inhibitor  (High Confidence),Non-Substrate,0.222,Non-Substrate  (Medium Confidence),-0.73,Low Skin Permeability: log KP > -2.5
NVIC0018,OC(=O)CC[C@@H](C(=O)O)NC(=O)c1ccc(cc1)NCC1CNc2c(N1)c(=O)[nH]c(n2)N	,-6.28,None,Non-Bioavailable,0.481,Non-Bioavailable  (Low Confidence),Absorbed,0.72,Absorbed  (Medium Confidence),-6.34,Proper Value:  > 2 x 10-6cm/s,Non-Bioavailable,0.361,Non-Bioavailable  (Low Confidence),Non-Inhibitor,0,Non-Inhibitor  (High Confidence),Non-Substrate,0.273,Non-Substrate  (Medium Confidence),-4.1,Low Skin Permeability: log KP > -2.5
NVIC0019,Oc1ccc(cc1)/C=N\Nc1nc(Nc2ccccc2)nc(n1)N1CCOCC1	,-5.4,None,Bioavailable,0.891,Bioavailable  (High Confidence),Absorbed,0.966,Absorbed  (High Confidence),-4.93,Proper Value:  > 2 x 10-6cm/s,Bioavailable,0.838,Bioavailable  (High Confidence),Inhibitor,0.871,Inhibitor  (High Confidence),Non-Substrate,0.361,Non-Substrate  (Low Confidence),-3.2,Low Skin Permeability: log KP > -2.5
NVIC0020,COc1cc(/C=N\Nc2cc(nc(n2)N2CCOCC2)N2CCOCC2)ccc1O	,-5.29,None,Bioavailable,0.841,Bioavailable  (High Confidence),Absorbed,0.91,Absorbed  (High Confidence),-5.18,Proper Value:  > 2 x 10-6cm/s,Bioavailable,0.69,Bioavailable  (Medium Confidence),Non-Inhibitor,0.007,Non-Inhibitor  (High Confidence),Non-Substrate,0.408,Non-Substrate  (Low Confidence),-3.37,Low Skin Permeability: log KP > -2.5
NVIC0021,COc1ccc(cc1O)/C=C\1/SC(=N)NC1=O	,-4.77,None,Bioavailable,0.666,Bioavailable  (Low Confidence),Absorbed,0.981,Absorbed  (High Confidence),-4.74,Proper Value:  > 2 x 10-6cm/s,Non-Bioavailable,0.478,Non-Bioavailable  (Low Confidence),Non-Inhibitor,0,Non-Inhibitor  (High Confidence),Non-Substrate,0.097,Non-Substrate  (High Confidence),-1.49,Low Skin Permeability: log KP > -2.5
NVIC0022,C[C@@H]1N[C@@H]2N(C1=O)c1c([C@]32C[C@@H]2[C@@](O3)(O)C(C)(C)C(=O)c3n2c(=O)c2ccccc2n3)cccc1	,-5.59,None,Bioavailable,0.619,Bioavailable  (Low Confidence),Absorbed,0.986,Absorbed  (High Confidence),-4.52,Proper Value:  > 2 x 10-6cm/s,Non-Bioavailable,0.295,Non-Bioavailable  (Medium Confidence),Non-Inhibitor,0.303,Non-Inhibitor  (Medium Confidence),Substrate,0.722,Substrate  (Medium Confidence),-0.85,Low Skin Permeability: log KP > -2.5
NVIC0023,O=C1Nc2c([C@]31C[C@@]14[C@@H](C3(C)C)C[C@@]3(C(=O)N1)N(C4=O)CCC3)cc1c(c2)OC(C=C1)(C)C	,-5.11,None,Bioavailable,0.599,Bioavailable  (Low Confidence),Absorbed,0.935,Absorbed  (High Confidence),-4.84,Proper Value:  > 2 x 10-6cm/s,Non-Bioavailable,0.381,Non-Bioavailable  (Low Confidence),Non-Inhibitor,0.005,Non-Inhibitor  (High Confidence),Substrate,0.8,Substrate  (Medium Confidence),-0.2,Low Skin Permeability: log KP > -2.5
NVIC0024,OC[C@H]1O[C@@H](Oc2c(oc3c(c2=O)c(O)cc(c3O[C@@H]2O[C@H](C(=O)O)[C@H]([C@@H]([C@H]2O)O)O)O)c2ccc(c(c2)O)O)[C@@H]([C@H]([C@@H]1O)O)O	,-6.53,None,Non-Bioavailable,0.041,Non-Bioavailable  (High Confidence),Non-Absorbed,0.003,Non-Absorbed  (High Confidence),-5.62,Proper Value:  > 2 x 10-6cm/s,Non-Bioavailable,0.049,Non-Bioavailable  (High Confidence),Non-Inhibitor,0,Non-Inhibitor  (High Confidence),Non-Substrate,0.41,Non-Substrate  (Low Confidence),30.72,Low Skin Permeability: log KP > -2.5
NVIC0025,O=C(N(c1nc2c(s1)CCCC2)C)COc1cccc2c1OC(C2)(C)C	,-5.06,None,Bioavailable,0.687,Bioavailable  (Medium Confidence),Absorbed,0.987,Absorbed  (High Confidence),-4.22,Proper Value:  > 2 x 10-6cm/s,Bioavailable,0.793,Bioavailable  (Medium Confidence),Inhibitor,0.993,Inhibitor  (High Confidence),Non-Substrate,0.178,Non-Substrate  (Medium Confidence),-3.12,Low Skin Permeability: log KP > -2.5
NVIC0026,S=C1S/C(=C\c2ccc(o2)c2ccc(c(c2)C(=O)O)Cl)/C(=O)N1CCc1ccc(cc1)OCC1CC1	,-5.47,None,Bioavailable,0.647,Bioavailable  (Low Confidence),Absorbed,0.993,Absorbed  (High Confidence),-5.26,Proper Value:  > 2 x 10-6cm/s,Bioavailable,0.808,Bioavailable  (Medium Confidence),Inhibitor,1,Inhibitor  (High Confidence),Non-Substrate,0.249,Non-Substrate  (Medium Confidence),-0.76,Low Skin Permeability: log KP > -2.5
NVIC0027,C[C@@H]1C[C@]23[N+](C1)([O-])C[C@]1([C@@H](C2)C(C)(C)[C@@]2(C1)C(=O)Nc1c2ccc2c1C(=O)CC(O2)(C)C)N(C3=O)C	,-5.34,None,Bioavailable,0.808,Bioavailable  (Medium Confidence),Non-Absorbed,0.162,Non-Absorbed  (High Confidence),-4.9,Proper Value:  > 2 x 10-6cm/s,Bioavailable,0.791,Bioavailable  (Medium Confidence),Non-Inhibitor,0,Non-Inhibitor  (High Confidence),Substrate,0.857,Substrate  (High Confidence),-0.67,Low Skin Permeability: log KP > -2.5
NVIC0028,OC[C@H]([C@H]([C@@H]([C@H](CO)O)O)O[C@@H]1O[C@H](CO)[C@@H]([C@@H]([C@H]1O)O)O)O	,-5.48,None,Non-Bioavailable,0.192,Non-Bioavailable  (Medium Confidence),Non-Absorbed,0.041,Non-Absorbed  (High Confidence),-5.49,Proper Value:  > 2 x 10-6cm/s,Non-Bioavailable,0.165,Non-Bioavailable  (High Confidence),Non-Inhibitor,0,Non-Inhibitor  (High Confidence),Non-Substrate,0.229,Non-Substrate  (Medium Confidence),-0.42,Low Skin Permeability: log KP > -2.5
NVIC0029,NCCOB(c1ccccc1)c1ccccc1	,-4.88,None,Bioavailable,0.783,Bioavailable  (Medium Confidence),Absorbed,0.989,Absorbed  (High Confidence),-4.37,Proper Value:  > 2 x 10-6cm/s,Bioavailable,0.582,Bioavailable  (Low Confidence),Non-Inhibitor,0,Non-Inhibitor  (High Confidence),Non-Substrate,0.283,Non-Substrate  (Medium Confidence),-2.94,Low Skin Permeability: log KP > -2.5
NVIC0030,CC(C1=Cc2ccc3c(c2C(=O)C1=O)CCCC3(C)C)C	,-4.76,None,Bioavailable,0.701,Bioavailable  (Medium Confidence),Absorbed,0.999,Absorbed  (High Confidence),-4.63,Proper Value:  > 2 x 10-6cm/s,Bioavailable,0.712,Bioavailable  (Medium Confidence),Inhibitor,0.724,Inhibitor  (Medium Confidence),Non-Substrate,0.21,Non-Substrate  (Medium Confidence),-2.35,Low Skin Permeability: log KP > -2.5
NVIC0031,NC(=NC(=O)c1nc(Cl)c(nc1N)N)N	,-5.83,None,Bioavailable,0.86,Bioavailable  (High Confidence),Absorbed,0.982,Absorbed  (High Confidence),-4.96,Proper Value:  > 2 x 10-6cm/s,Bioavailable,0.776,Bioavailable  (Medium Confidence),Non-Inhibitor,0.03,Non-Inhibitor  (High Confidence),Non-Substrate,0.375,Non-Substrate  (Low Confidence),-3.36,Low Skin Permeability: log KP > -2.5
NVIC0032,CCCCN(C(=O)c1ccc(c(c1)OC)OC)CCCNC(=O)OC(C)(C)C	,-4.2,None,Bioavailable,0.505,Bioavailable  (Low Confidence),Absorbed,0.984,Absorbed  (High Confidence),-4.35,Proper Value:  > 2 x 10-6cm/s,Non-Bioavailable,0.469,Non-Bioavailable  (Low Confidence),Non-Inhibitor,0.065,Non-Inhibitor  (High Confidence),Non-Substrate,0.391,Non-Substrate  (Low Confidence),-2.67,Low Skin Permeability: log KP > -2.5
NVIC0033,CCOC(=O)C1=C(C)N=c2n(C1c1ccccc1)c(=O)/c(=C\c1cc(Br)ccc1OC(=O)C)/s2	,-4.86,None,Bioavailable,0.501,Bioavailable  (Low Confidence),Absorbed,0.986,Absorbed  (High Confidence),-4.85,Proper Value:  > 2 x 10-6cm/s,Bioavailable,0.575,Bioavailable  (Low Confidence),Inhibitor,0.994,Inhibitor  (High Confidence),Non-Substrate,0.172,Non-Substrate  (Medium Confidence),-2.1,Low Skin Permeability: log KP > -2.5
NVIC0034,O=S(=O)(C1=Cc2c(CC1)cccc2)Nc1ccc(cc1)n1cnnn1	,-4.58,None,Bioavailable,0.8,Bioavailable  (Medium Confidence),Absorbed,0.985,Absorbed  (High Confidence),-4.56,Proper Value:  > 2 x 10-6cm/s,Bioavailable,0.888,Bioavailable  (High Confidence),Non-Inhibitor,0.035,Non-Inhibitor  (High Confidence),Non-Substrate,0.161,Non-Substrate  (High Confidence),-3.4,Low Skin Permeability: log KP > -2.5
NVIC0035,O=C1NC(=O)NC1(c1ccccc1)c1ccccc1	,-4.41,None,Bioavailable,0.764,Bioavailable  (Medium Confidence),Absorbed,0.99,Absorbed  (High Confidence),-4.12,Proper Value:  > 2 x 10-6cm/s,Bioavailable,0.587,Bioavailable  (Low Confidence),Non-Inhibitor,0,Non-Inhibitor  (High Confidence),Non-Substrate,0.181,Non-Substrate  (Medium Confidence),-2.18,Low Skin Permeability: log KP > -2.5
NVIC0036,C[C@H]1O[C@H](C)CN(C1)C1=NC(=O)/C(=C/c2cn(nc2c2cc3c(o2)cccc3)c2ccccc2)/S1	,-5.24,None,Bioavailable,0.867,Bioavailable  (High Confidence),Absorbed,0.998,Absorbed  (High Confidence),-4.73,Proper Value:  > 2 x 10-6cm/s,Non-Bioavailable,0.323,Non-Bioavailable  (Medium Confidence),Inhibitor,1,Inhibitor  (High Confidence),Non-Substrate,0.275,Non-Substrate  (Medium Confidence),-0.75,Low Skin Permeability: log KP > -2.5
NVIC0037,CCN(c1nc(N)c(nc1Cl)C(=O)N=C(N)N)C(C)C	,-5.86,None,Bioavailable,0.799,Bioavailable  (Medium Confidence),Absorbed,0.934,Absorbed  (High Confidence),-5.06,Proper Value:  > 2 x 10-6cm/s,Bioavailable,0.677,Bioavailable  (Medium Confidence),Non-Inhibitor,0.016,Non-Inhibitor  (High Confidence),Substrate,0.518,Substrate  (Low Confidence),-1.35,Low Skin Permeability: log KP > -2.5
NVIC0038,CSC[C@H]1O[C@H]([C@@H]([C@@H]1O)O)n1ccc2c1ncnc2N	,-5.26,None,Bioavailable,0.697,Bioavailable  (Medium Confidence),Absorbed,0.952,Absorbed  (High Confidence),-4.8,Proper Value:  > 2 x 10-6cm/s,Non-Bioavailable,0.403,Non-Bioavailable  (Low Confidence),Non-Inhibitor,0,Non-Inhibitor  (High Confidence),Non-Substrate,0.249,Non-Substrate  (Medium Confidence),-2.25,Low Skin Permeability: log KP > -2.5
NVIC0039,Nc1ncnc2c1[nH]cn2	,-4.99,None,Bioavailable,0.767,Bioavailable  (Medium Confidence),Absorbed,0.798,Absorbed  (Medium Confidence),-4.86,Proper Value:  > 2 x 10-6cm/s,Non-Bioavailable,0.443,Non-Bioavailable  (Low Confidence),Non-Inhibitor,0.009,Non-Inhibitor  (High Confidence),Non-Substrate,0.081,Non-Substrate  (High Confidence),-2.06,Low Skin Permeability: log KP > -2.5
NVIC0040,Oc1ccc2c(c1)o/c(=N\c1sc3c(c1C(=O)N)CCCC3)/c(c2)C(=O)N	,-5.38,None,Bioavailable,0.571,Bioavailable  (Low Confidence),Absorbed,0.984,Absorbed  (High Confidence),-5.19,Proper Value:  > 2 x 10-6cm/s,Bioavailable,0.686,Bioavailable  (Medium Confidence),Non-Inhibitor,0,Non-Inhibitor  (High Confidence),Non-Substrate,0.422,Non-Substrate  (Low Confidence),-1.62,Low Skin Permeability: log KP > -2.5
NVIC0041,OCc1cnc(n1Cc1ccc(cc1)C)SCC(=O)N1CCCc2c1cccc2	,-4.72,None,Bioavailable,0.605,Bioavailable  (Low Confidence),Absorbed,0.981,Absorbed  (High Confidence),-4.73,Proper Value:  > 2 x 10-6cm/s,Bioavailable,0.871,Bioavailable  (High Confidence),Inhibitor,1,Inhibitor  (High Confidence),Non-Substrate,0.429,Non-Substrate  (Low Confidence),-2.05,Low Skin Permeability: log KP > -2.5
NVIC0042,O=C(CSc1nc(nc2c1c(=O)n(C)c(=O)n2C)c1ccco1)NCCc1ccccc1	,-5.05,None,Bioavailable,0.856,Bioavailable  (High Confidence),Absorbed,0.98,Absorbed  (High Confidence),-4.63,Proper Value:  > 2 x 10-6cm/s,Bioavailable,0.663,Bioavailable  (Low Confidence),Inhibitor,1,Inhibitor  (High Confidence),Non-Substrate,0.294,Non-Substrate  (Medium Confidence),-2.42,Low Skin Permeability: log KP > -2.5
NVIC0043,Fc1ccc(cc1)n1nc2c(c1NC(=O)C(=O)NCC1CCCO1)CSC2	,-5,None,Bioavailable,0.801,Bioavailable  (Medium Confidence),Absorbed,0.988,Absorbed  (High Confidence),-4.89,Proper Value:  > 2 x 10-6cm/s,Bioavailable,0.708,Bioavailable  (Medium Confidence),Inhibitor,0.955,Inhibitor  (High Confidence),Non-Substrate,0.321,Non-Substrate  (Medium Confidence),-2.7,Low Skin Permeability: log KP > -2.5
NVIC0044,S=C1S/C(=C\c2ccc(o2)c2ccc(c(c2)C(=O)O)Cl)/C(=O)N1CCc1ccccc1	,-5.16,None,Bioavailable,0.698,Bioavailable  (Medium Confidence),Absorbed,0.994,Absorbed  (High Confidence),-5.1,Proper Value:  > 2 x 10-6cm/s,Bioavailable,0.864,Bioavailable  (High Confidence),Inhibitor,1,Inhibitor  (High Confidence),Non-Substrate,0.157,Non-Substrate  (High Confidence),-1.29,Low Skin Permeability: log KP > -2.5
NVIC0045,O=C(N1CCN(CC1)C(=O)Nc1cccc(c1)c1ccccc1)Nc1cccc(c1)c1ccccc1	,-4.5,None,Bioavailable,0.731,Bioavailable  (Medium Confidence),Absorbed,0.976,Absorbed  (High Confidence),-5.13,Proper Value:  > 2 x 10-6cm/s,Bioavailable,0.646,Bioavailable  (Low Confidence),Inhibitor,0.994,Inhibitor  (High Confidence),Substrate,0.696,Substrate  (Medium Confidence),-0.37,Low Skin Permeability: log KP > -2.5
NVIC0046,N#Cc1ccc(cc1)C(c1cncn1Cc1ccc2c(c1)c(cc(=O)n2C)c1cccc(c1)Cl)O	,-5.39,None,Bioavailable,0.746,Bioavailable  (Medium Confidence),Absorbed,0.977,Absorbed  (High Confidence),-5.09,Proper Value:  > 2 x 10-6cm/s,Bioavailable,0.743,Bioavailable  (Medium Confidence),Inhibitor,1,Inhibitor  (High Confidence),Non-Substrate,0.294,Non-Substrate  (Medium Confidence),-0.22,Low Skin Permeability: log KP > -2.5
NVIC0047,Clc1ccc(cc1)C(c1ccccc1)(OCC[C@H]1CCCN1C)COC(=O)/C=C/C(=O)O	,-5.22,None,Bioavailable,0.662,Bioavailable  (Low Confidence),Absorbed,0.962,Absorbed  (High Confidence),-5.04,Proper Value:  > 2 x 10-6cm/s,Bioavailable,0.533,Bioavailable  (Low Confidence),Non-Inhibitor,0.097,Non-Inhibitor  (High Confidence),Non-Substrate,0.262,Non-Substrate  (Medium Confidence),-2.57,Low Skin Permeability: log KP > -2.5
NVIC0048,CC(c1cc(O)c(cc1O)C(C)(C)C)(C)C	,-4.5,None,Bioavailable,0.598,Bioavailable  (Low Confidence),Absorbed,0.942,Absorbed  (High Confidence),-4.22,Proper Value:  > 2 x 10-6cm/s,Bioavailable,0.521,Bioavailable  (Low Confidence),Non-Inhibitor,0,Non-Inhibitor  (High Confidence),Non-Substrate,0.129,Non-Substrate  (High Confidence),-2.57,Low Skin Permeability: log KP > -2.5
NVIC0049,[Fe]	,-4.2,None,Bioavailable,0.781,Bioavailable  (Medium Confidence),Absorbed,0.799,Absorbed  (Medium Confidence),-2.83,Proper Value:  > 2 x 10-6cm/s,Bioavailable,0.793,Bioavailable  (Medium Confidence),Non-Inhibitor,0,Non-Inhibitor  (High Confidence),Non-Substrate,0.196,Non-Substrate  (Medium Confidence),-3.43,Low Skin Permeability: log KP > -2.5
NVIC0050,Cc1cccc(c1)Cc1nn(c2c1c(N)ncn2)C(C)(C)C	,-4.88,None,Bioavailable,0.804,Bioavailable  (Medium Confidence),Absorbed,0.983,Absorbed  (High Confidence),-4.63,Proper Value:  > 2 x 10-6cm/s,Bioavailable,0.715,Bioavailable  (Medium Confidence),Non-Inhibitor,0.025,Non-Inhibitor  (High Confidence),Non-Substrate,0.326,Non-Substrate  (Medium Confidence),-3.8,Low Skin Permeability: log KP > -2.5
NVIC0051,Cn1cnc2c1c(=O)n(C)c(=O)n2C	,-4.9,None,Bioavailable,0.884,Bioavailable  (High Confidence),Absorbed,0.959,Absorbed  (High Confidence),-4.25,Proper Value:  > 2 x 10-6cm/s,Bioavailable,0.577,Bioavailable  (Low Confidence),Non-Inhibitor,0.024,Non-Inhibitor  (High Confidence),Non-Substrate,0.139,Non-Substrate  (High Confidence),-3.15,Low Skin Permeability: log KP > -2.5
NVIC0052,COc1ccc(cc1OC)CCN(CCCC(c1ccc(c(c1)OC)OC)(C(C)C)C#N)C	,-4.96,None,Bioavailable,0.698,Bioavailable  (Medium Confidence),Absorbed,0.948,Absorbed  (High Confidence),-4.77,Proper Value:  > 2 x 10-6cm/s,Non-Bioavailable,0.474,Non-Bioavailable  (Low Confidence),Inhibitor,0.994,Inhibitor  (High Confidence),Substrate,0.5,Substrate  (Low Confidence),-2.49,Low Skin Permeability: log KP > -2.5
NVIC0053,CN(S(=O)(=O)c1ccc2c(c1)CCN2S(=O)(=O)c1cccs1)C	,-5.06,None,Bioavailable,0.733,Bioavailable  (Medium Confidence),Absorbed,0.964,Absorbed  (High Confidence),-4.09,Proper Value:  > 2 x 10-6cm/s,Bioavailable,0.904,Bioavailable  (High Confidence),Non-Inhibitor,0,Non-Inhibitor  (High Confidence),Non-Substrate,0.054,Non-Substrate  (High Confidence),-3.76,Low Skin Permeability: log KP > -2.5
NVIC0054,CCN(CCCC(Nc1ccnc2c1ccc(c2)Cl)C)CC	,-4.57,None,Bioavailable,0.853,Bioavailable  (High Confidence),Absorbed,0.993,Absorbed  (High Confidence),-4.94,Proper Value:  > 2 x 10-6cm/s,Bioavailable,0.581,Bioavailable  (Low Confidence),Non-Inhibitor,0.057,Non-Inhibitor  (High Confidence),Non-Substrate,0.399,Non-Substrate  (Low Confidence),-2.87,Low Skin Permeability: log KP > -2.5
NVIC0056,CCCCCCCCCCCCCC(=O)O[C@@H]1[C@@H](C)[C@@]2(O)[C@H]([C@H]3[C@]1(OC(=O)C)C3(C)C)C=C(C[C@]1([C@H]2C=C(C1=O)C)O)CO	,-4.93,None,Non-Bioavailable,0.055,Non-Bioavailable  (High Confidence),Absorbed,0.857,Absorbed  (High Confidence),-4.7,Proper Value:  > 2 x 10-6cm/s,Non-Bioavailable,0.258,Non-Bioavailable  (Medium Confidence),Non-Inhibitor,0.037,Non-Inhibitor  (High Confidence),Substrate,0.855,Substrate  (High Confidence),6.32,Low Skin Permeability: log KP > -2.5
NVIC0057,Clc1ccccc1C(n1cncc1)(c1ccccc1)c1ccccc1	,-4.72,None,Bioavailable,0.615,Bioavailable  (Low Confidence),Absorbed,0.779,Absorbed  (Medium Confidence),-4.2,Proper Value:  > 2 x 10-6cm/s,Bioavailable,0.543,Bioavailable  (Low Confidence),Inhibitor,1,Inhibitor  (High Confidence),Substrate,0.559,Substrate  (Low Confidence),-1.96,Low Skin Permeability: log KP > -2.5
NVIC0058,OCC(=O)[C@@]1(O)C[C@H](O[C@H]2C[C@H](N)[C@@H]([C@@H](O2)C)O)c2c(C1)c(O)c1c(c2O)C(=O)c2c(C1=O)cccc2OC	,-6.94,None,Non-Bioavailable,0.257,Non-Bioavailable  (Medium Confidence),Non-Absorbed,0.115,Non-Absorbed  (High Confidence),-5.08,Proper Value:  > 2 x 10-6cm/s,Non-Bioavailable,0.197,Non-Bioavailable  (Medium Confidence),Non-Inhibitor,0.002,Non-Inhibitor  (High Confidence),Substrate,0.906,Substrate  (High Confidence),0.3,Low Skin Permeability: log KP > -2.5
NVIC0059,OC(=O)c1ccc2c(c1)[nH]cc(c2=O)C(=O)O	,-5.53,None,Bioavailable,0.57,Bioavailable  (Low Confidence),Absorbed,0.751,Absorbed  (Medium Confidence),-5.12,Proper Value:  > 2 x 10-6cm/s,Bioavailable,0.713,Bioavailable  (Medium Confidence),Non-Inhibitor,0,Non-Inhibitor  (High Confidence),Non-Substrate,0.198,Non-Substrate  (Medium Confidence),-3.58,Low Skin Permeability: log KP > -2.5
NVIC0060,Cc1cc(ccc1N1C(=O)CC2(C1=O)CCCC2)c1ccc(c(c1)C)N1C(=O)CC2(C1=O)CCCC2	,-5.07,None,Bioavailable,0.712,Bioavailable  (Medium Confidence),Absorbed,0.993,Absorbed  (High Confidence),-4.58,Proper Value:  > 2 x 10-6cm/s,Bioavailable,0.762,Bioavailable  (Medium Confidence),Inhibitor,0.998,Inhibitor  (High Confidence),Non-Substrate,0.342,Non-Substrate  (Low Confidence),-1.27,Low Skin Permeability: log KP > -2.5
NVIC0061,NCC1(CCCCC1)CC(=O)O	,-4.93,None,Bioavailable,0.7,Bioavailable  (Medium Confidence),Absorbed,0.983,Absorbed  (High Confidence),-4.3,Proper Value:  > 2 x 10-6cm/s,Non-Bioavailable,0.439,Non-Bioavailable  (Low Confidence),Non-Inhibitor,0.001,Non-Inhibitor  (High Confidence),Non-Substrate,0.068,Non-Substrate  (High Confidence),-2.63,Low Skin Permeability: log KP > -2.5
NVIC0062,C[N+](=C1C=CC(=C(c2ccc(cc2)N(C)C)c2ccc(cc2)N(C)C)C=C1)C	,-4.62,None,Bioavailable,0.77,Bioavailable  (Medium Confidence),Absorbed,0.742,Absorbed  (Medium Confidence),-4.75,Proper Value:  > 2 x 10-6cm/s,Bioavailable,0.522,Bioavailable  (Low Confidence),Inhibitor,1,Inhibitor  (High Confidence),Substrate,0.915,Substrate  (High Confidence),-4.21,Low Skin Permeability: log KP > -2.5
NVIC0063,CC1=CC(=O)c2c3c1c1C(=CC(=O)c4c1c1c3c3c(c2O)c(O)cc(c3c2c1c(c4O)c(O)cc2O)O)C	,-5.77,None,Non-Bioavailable,0.005,Non-Bioavailable  (High Confidence),Non-Absorbed,0.019,Non-Absorbed  (High Confidence),-5.19,Proper Value:  > 2 x 10-6cm/s,Non-Bioavailable,0.001,Non-Bioavailable  (High Confidence),Non-Inhibitor,0.002,Non-Inhibitor  (High Confidence),Non-Substrate,0.466,Non-Substrate  (Low Confidence),4.09,Low Skin Permeability: log KP > -2.5
NVIC0064,OCC(CNC(=O)c1c(I)c(N(C(=O)C)CC(CN(c2c(I)c(C(=O)NCC(CO)O)c(c(c2I)C(=O)NCC(CO)O)I)C(=O)C)O)c(c(c1I)C(=O)NCC(CO)O)I)O	,-5.97,None,Bioavailable,0.577,Bioavailable  (Low Confidence),Non-Absorbed,0.002,Non-Absorbed  (High Confidence),105.12,Proper Value:  > 2 x 10-6cm/s,Non-Bioavailable,0.43,Non-Bioavailable  (Low Confidence),Non-Inhibitor,0.001,Non-Inhibitor  (High Confidence),Substrate,0.887,Substrate  (High Confidence),14607,Low Skin Permeability: log KP > -2.5
NVIC0065,OC[C@H]1O[C@H]([C@@H]([C@@H]1O)O)n1cnc(n1)C(=O)N	,-5.47,None,Bioavailable,0.689,Bioavailable  (Medium Confidence),Absorbed,0.866,Absorbed  (High Confidence),-4.68,Proper Value:  > 2 x 10-6cm/s,Non-Bioavailable,0.46,Non-Bioavailable  (Low Confidence),Non-Inhibitor,0.06,Non-Inhibitor  (High Confidence),Non-Substrate,0.255,Non-Substrate  (Medium Confidence),-2.77,Low Skin Permeability: log KP > -2.5
NVIC0066,CC(C[C@@H](B(O)O)NC(=O)[C@@H](NC(=O)c1cnccn1)Cc1ccccc1)C	,-5.46,None,Bioavailable,0.645,Bioavailable  (Low Confidence),Absorbed,0.848,Absorbed  (High Confidence),-4.7,Proper Value:  > 2 x 10-6cm/s,Non-Bioavailable,0.347,Non-Bioavailable  (Low Confidence),Non-Inhibitor,0.025,Non-Inhibitor  (High Confidence),Non-Substrate,0.451,Non-Substrate  (Low Confidence),-2.01,Low Skin Permeability: log KP > -2.5
NVIC0067,O=C(C(F)(F)F)Nc1sc2c(c1C(=O)Nc1cccc3c1cccc3)CCCC2	,-5.13,None,Bioavailable,0.794,Bioavailable  (Medium Confidence),Absorbed,0.989,Absorbed  (High Confidence),-5.14,Proper Value:  > 2 x 10-6cm/s,Bioavailable,0.815,Bioavailable  (Medium Confidence),Non-Inhibitor,0.254,Non-Inhibitor  (Medium Confidence),Non-Substrate,0.283,Non-Substrate  (Medium Confidence),-3.17,Low Skin Permeability: log KP > -2.5
NVIC0068,O[C@@H]1[C@H](O)[C@H](O[C@H]1N1C=CCC(=C1)C(=O)N)COP(=O)(OP(=O)(OC[C@H]1O[C@H]([C@@H]([C@@H]1O)O)n1cnc2c1ncnc2N)O)O	,-5.47,None,Non-Bioavailable,0.008,Non-Bioavailable  (High Confidence),Absorbed,0.957,Absorbed  (High Confidence),-5.12,Proper Value:  > 2 x 10-6cm/s,Non-Bioavailable,0.004,Non-Bioavailable  (High Confidence),Non-Inhibitor,0,Non-Inhibitor  (High Confidence),Non-Substrate,0.058,Non-Substrate  (High Confidence),13.93,Low Skin Permeability: log KP > -2.5
NVIC0069,CSC[C@H]1O[C@H]([C@@H]([C@@H]1O)O)n1cnc2c1ncnc2N	,-5.24,None,Bioavailable,0.622,Bioavailable  (Low Confidence),Absorbed,0.72,Absorbed  (Medium Confidence),-5.02,Proper Value:  > 2 x 10-6cm/s,Non-Bioavailable,0.324,Non-Bioavailable  (Medium Confidence),Non-Inhibitor,0,Non-Inhibitor  (High Confidence),Non-Substrate,0.304,Non-Substrate  (Medium Confidence),-2.38,Low Skin Permeability: log KP > -2.5
NVIC0070,OC[C@@H](C(=O)N1CCC[C@H]1C(=O)N[C@H](C(=O)N[C@H](C(=O)O)CCCN=C(N)N)Cc1ccccc1)NC(=O)[C@H](Cc1ccccc1)NC(=O)CNC(=O)[C@@H]1CCCN1C(=O)[C@@H]1CCCN1C(=O)[C@H](CCCN=C(N)N)N	,-6.63,None,Non-Bioavailable,0.019,Non-Bioavailable  (High Confidence),Non-Absorbed,0.075,Non-Absorbed  (High Confidence),519834.98,Proper Value:  > 2 x 10-6cm/s,Non-Bioavailable,0.458,Non-Bioavailable  (Low Confidence),Non-Inhibitor,0,Non-Inhibitor  (High Confidence),Substrate,0.997,Substrate  (High Confidence),67937288.51,Low Skin Permeability: log KP > -2.5
NVIC0071,Oc1ccc(cc1)[C@@H]1CC(=O)c2c(O1)cc(cc2O)O	,-4.7,None,Bioavailable,0.518,Bioavailable  (Low Confidence),Absorbed,0.975,Absorbed  (High Confidence),-4.83,Proper Value:  > 2 x 10-6cm/s,Bioavailable,0.536,Bioavailable  (Low Confidence),Non-Inhibitor,0,Non-Inhibitor  (High Confidence),Non-Substrate,0.112,Non-Substrate  (High Confidence),-1.44,Low Skin Permeability: log KP > -2.5
NVIC0072,CO[C@H]([C@@H]([C@H]1O[C@@]2(CC[C@@](O2)(C)[C@H]2CC[C@@](O2)(CC)[C@@H]2O[C@H](C[C@@H]2C)[C@H]2O[C@@](O)(CO)[C@@H](C[C@@H]2C)C)C[C@@H]([C@H]1C)O)C)[C@@H](C(=O)O)C	,-5.77,None,Bioavailable,0.843,Bioavailable  (High Confidence),Absorbed,0.784,Absorbed  (Medium Confidence),-5.19,Proper Value:  > 2 x 10-6cm/s,Non-Bioavailable,0.242,Non-Bioavailable  (Medium Confidence),Inhibitor,0.984,Inhibitor  (High Confidence),Substrate,0.754,Substrate  (Medium Confidence),45.45,Low Skin Permeability: log KP > -2.5
NVIC0073,CCn1cc(C(=O)NCc2ccc(cc2)Cl)c(=O)c2c1cc(cc2)C(F)(F)F	,-4.85,None,Bioavailable,0.95,Bioavailable  (High Confidence),Absorbed,0.998,Absorbed  (High Confidence),-4.94,Proper Value:  > 2 x 10-6cm/s,Bioavailable,0.827,Bioavailable  (Medium Confidence),Non-Inhibitor,0.264,Non-Inhibitor  (Medium Confidence),Non-Substrate,0.139,Non-Substrate  (High Confidence),-2.69,Low Skin Permeability: log KP > -2.5
NVIC0074,NC(=O)C1CCN(CC1)c1cc2c(cc1F)c(=O)c(cn2C1CC1)C(=O)NCc1ccc(cc1Cl)Cl	,-5.51,None,Bioavailable,0.921,Bioavailable  (High Confidence),Absorbed,0.994,Absorbed  (High Confidence),-5.19,Proper Value:  > 2 x 10-6cm/s,Bioavailable,0.85,Bioavailable  (High Confidence),Inhibitor,1,Inhibitor  (High Confidence),Substrate,0.519,Substrate  (Low Confidence),-1.07,Low Skin Permeability: log KP > -2.5
NVIC0075,CCOC(=O)C1CCN(CC1)c1cc2n(CC)cc(c(=O)c2cc1F)C(=O)NCc1ccc(cc1Cl)Cl	,-5.28,None,Bioavailable,0.864,Bioavailable  (High Confidence),Absorbed,0.985,Absorbed  (High Confidence),-5.01,Proper Value:  > 2 x 10-6cm/s,Bioavailable,0.825,Bioavailable  (Medium Confidence),Inhibitor,1,Inhibitor  (High Confidence),Non-Substrate,0.434,Non-Substrate  (Low Confidence),-1.44,Low Skin Permeability: log KP > -2.5
NVIC0076,CCOC(=O)N1CCN(CC1)c1cc2n(CC)cc(c(=O)c2cc1F)C(=O)NCc1ccc(cc1Cl)Cl	,-5.1,None,Bioavailable,0.856,Bioavailable  (High Confidence),Absorbed,0.978,Absorbed  (High Confidence),-5.04,Proper Value:  > 2 x 10-6cm/s,Bioavailable,0.859,Bioavailable  (High Confidence),Inhibitor,1,Inhibitor  (High Confidence),Substrate,0.557,Substrate  (Low Confidence),-1.5,Low Skin Permeability: log KP > -2.5
NVIC0077,CCOC(=O)N1CCN(CC1)c1cc2c(cc1F)c(=O)c(cn2C1CC1)C(=O)NCc1ccc(cc1Cl)Cl	,-5.05,None,Bioavailable,0.864,Bioavailable  (High Confidence),Absorbed,0.983,Absorbed  (High Confidence),-4.98,Proper Value:  > 2 x 10-6cm/s,Bioavailable,0.82,Bioavailable  (Medium Confidence),Inhibitor,1,Inhibitor  (High Confidence),Substrate,0.574,Substrate  (Low Confidence),0.04,Low Skin Permeability: log KP > -2.5
NVIC0078,OC[C@H]1O[C@@]([C@@H]([C@@H]1O)O)(C#N)c1ccc2n1ncnc2N	,-5.67,None,Bioavailable,0.669,Bioavailable  (Medium Confidence),Absorbed,0.823,Absorbed  (Medium Confidence),-4.99,Proper Value:  > 2 x 10-6cm/s,Non-Bioavailable,0.355,Non-Bioavailable  (Low Confidence),Non-Inhibitor,0,Non-Inhibitor  (High Confidence),Non-Substrate,0.247,Non-Substrate  (Medium Confidence),-1.46,Low Skin Permeability: log KP > -2.5
NVIC0079,CCCCCCCC/C=C\CCCCCCCC(=O)O	,-4.8,None,Non-Bioavailable,0.262,Non-Bioavailable  (Medium Confidence),Absorbed,0.913,Absorbed  (High Confidence),-4.09,Proper Value:  > 2 x 10-6cm/s,Non-Bioavailable,0.327,Non-Bioavailable  (Medium Confidence),Non-Inhibitor,0.006,Non-Inhibitor  (High Confidence),Non-Substrate,0.234,Non-Substrate  (Medium Confidence),-2.82,Low Skin Permeability: log KP > -2.5
NVIC0080,CCCCCCCC(=O)O[C@@H]1[C@@H](OC(=O)/C(=C\C)/C)C(=C2[C@H]1[C@@](C)(OC(=O)C)C[C@@H]([C@]1([C@H]2OC(=O)[C@@]1(C)O)O)OC(=O)CCC)C	,-5.04,None,Non-Bioavailable,0.066,Non-Bioavailable  (High Confidence),Absorbed,0.732,Absorbed  (Medium Confidence),-4.72,Proper Value:  > 2 x 10-6cm/s,Non-Bioavailable,0.037,Non-Bioavailable  (High Confidence),Inhibitor,0.935,Inhibitor  (High Confidence),Substrate,0.77,Substrate  (Medium Confidence),10.2,Low Skin Permeability: log KP > -2.5
NVIC0081,OC[C@H]1O[C@H]([C@@H]([C@@H]1O)O)c1[nH]nc2c1ncnc2N	,-5.67,None,Bioavailable,0.629,Bioavailable  (Low Confidence),Non-Absorbed,0.314,Non-Absorbed  (Medium Confidence),-5.48,Proper Value:  > 2 x 10-6cm/s,Non-Bioavailable,0.344,Non-Bioavailable  (Low Confidence),Non-Inhibitor,0,Non-Inhibitor  (High Confidence),Non-Substrate,0.247,Non-Substrate  (Medium Confidence),-1.1,Low Skin Permeability: log KP > -2.5
NVIC0082,C[C@H](C(C)(C)C)NC(=O)C(=O)c1ccc(cc1)C1CCCCC1	,-4.62,None,Bioavailable,0.726,Bioavailable  (Medium Confidence),Absorbed,0.988,Absorbed  (High Confidence),-4.52,Proper Value:  > 2 x 10-6cm/s,Bioavailable,0.625,Bioavailable  (Low Confidence),Non-Inhibitor,0.163,Non-Inhibitor  (High Confidence),Non-Substrate,0.207,Non-Substrate  (Medium Confidence),-2.59,Low Skin Permeability: log KP > -2.5
NVIC0083,COC(=O)C1=C(C)NC(=C(C1c1ccccc1[N+](=O)[O-])C(=O)OC)C	,-4.37,None,Non-Bioavailable,0.466,Non-Bioavailable  (Low Confidence),Absorbed,0.99,Absorbed  (High Confidence),-3.91,Proper Value:  > 2 x 10-6cm/s,Non-Bioavailable,0.499,Non-Bioavailable  (Low Confidence),Inhibitor,0.659,Inhibitor  (Low Confidence),Non-Substrate,0.236,Non-Substrate  (Medium Confidence),-2.85,Low Skin Permeability: log KP > -2.5
NVIC0084,CC/C(=C(\c1ccc(cc1)O)/c1ccc(cc1)OCCN(C)C)/c1ccccc1	,-4.64,None,Bioavailable,0.665,Bioavailable  (Low Confidence),Absorbed,0.968,Absorbed  (High Confidence),-5.04,Proper Value:  > 2 x 10-6cm/s,Non-Bioavailable,0.446,Non-Bioavailable  (Low Confidence),Inhibitor,0.839,Inhibitor  (High Confidence),Non-Substrate,0.392,Non-Substrate  (Low Confidence),-2.24,Low Skin Permeability: log KP > -2.5
NVIC0085,OC[C@H]1O[C@H]([C@@H]([C@@H]1O)O)n1cnc(c1C#C)C(=O)N	,-5.32,None,Bioavailable,0.648,Bioavailable  (Low Confidence),Absorbed,0.902,Absorbed  (High Confidence),-4.95,Proper Value:  > 2 x 10-6cm/s,Non-Bioavailable,0.343,Non-Bioavailable  (Low Confidence),Non-Inhibitor,0,Non-Inhibitor  (High Confidence),Substrate,0.559,Substrate  (Low Confidence),-1.43,Low Skin Permeability: log KP > -2.5
NVIC0086,[N-]=[N+]=N[C@]1(CO)O[C@H]([C@@H]([C@@H]1O)O)n1ccc(nc1=O)N	,-5.8,None,Bioavailable,0.754,Bioavailable  (Medium Confidence),Absorbed,0.984,Absorbed  (High Confidence),-4.8,Proper Value:  > 2 x 10-6cm/s,Non-Bioavailable,0.075,Non-Bioavailable  (High Confidence),Non-Inhibitor,0.002,Non-Inhibitor  (High Confidence),Non-Substrate,0.185,Non-Substrate  (Medium Confidence),-1.91,Low Skin Permeability: log KP > -2.5
NVIC0087,CCCCCCCCc1[nH]c2c3c1C[C@@H](CO)NC(=O)[C@@H](N(c3ccc2)C)C(C)C	,-5.29,None,Bioavailable,0.533,Bioavailable  (Low Confidence),Absorbed,0.933,Absorbed  (High Confidence),-4.97,Proper Value:  > 2 x 10-6cm/s,Non-Bioavailable,0.307,Non-Bioavailable  (Medium Confidence),Inhibitor,0.949,Inhibitor  (High Confidence),Substrate,0.744,Substrate  (Medium Confidence),-2.1,Low Skin Permeability: log KP > -2.5
NVIC0088,O=C[C@@H](NC(=O)[C@@H](NC(=O)[C@@H](NC(=O)OCc1ccccc1)CC(C)C)CC(C)C)CC(C)C	,-4.7,None,Bioavailable,0.719,Bioavailable  (Medium Confidence),Absorbed,0.88,Absorbed  (High Confidence),-4.31,Proper Value:  > 2 x 10-6cm/s,Non-Bioavailable,0.275,Non-Bioavailable  (Medium Confidence),Non-Inhibitor,0.009,Non-Inhibitor  (High Confidence),Non-Substrate,0.457,Non-Substrate  (Low Confidence),-2.34,Low Skin Permeability: log KP > -2.5
NVIC0089,COc1ccc(cc1)P(=S)(N1CCOCC1)S	,-4.4,None,Bioavailable,0.807,Bioavailable  (Medium Confidence),Absorbed,0.806,Absorbed  (Medium Confidence),-4.3,Proper Value:  > 2 x 10-6cm/s,Bioavailable,0.591,Bioavailable  (Low Confidence),Non-Inhibitor,0,Non-Inhibitor  (High Confidence),Non-Substrate,0.103,Non-Substrate  (High Confidence),-3.52,Low Skin Permeability: log KP > -2.5
NVIC0090,ClCCN(C(COc1ccccc1)C)Cc1ccccc1	,-4.81,None,Bioavailable,0.781,Bioavailable  (Medium Confidence),Absorbed,0.995,Absorbed  (High Confidence),-4.75,Proper Value:  > 2 x 10-6cm/s,Non-Bioavailable,0.397,Non-Bioavailable  (Low Confidence),Non-Inhibitor,0,Non-Inhibitor  (High Confidence),Non-Substrate,0.276,Non-Substrate  (Medium Confidence),-2.8,Low Skin Permeability: log KP > -2.5
NVIC0091,O=C(N1CC(=O)N2C(C1)c1ccccc1CC2)C1CCCCC1	,-4.42,None,Bioavailable,0.76,Bioavailable  (Medium Confidence),Absorbed,0.989,Absorbed  (High Confidence),-4.24,Proper Value:  > 2 x 10-6cm/s,Bioavailable,0.701,Bioavailable  (Medium Confidence),Non-Inhibitor,0.013,Non-Inhibitor  (High Confidence),Non-Substrate,0.32,Non-Substrate  (Medium Confidence),-2.02,Low Skin Permeability: log KP > -2.5
NVIC0092,Fc1c[nH]c(=O)c(n1)C(=O)N	,-5.11,None,Bioavailable,0.912,Bioavailable  (High Confidence),Absorbed,0.94,Absorbed  (High Confidence),-4.29,Proper Value:  > 2 x 10-6cm/s,Bioavailable,0.786,Bioavailable  (Medium Confidence),Non-Inhibitor,0,Non-Inhibitor  (High Confidence),Non-Substrate,0.066,Non-Substrate  (High Confidence),-3.39,Low Skin Permeability: log KP > -2.5
NVIC0093,OC(COc1cccc2c1cccc2)CNC(C)C	,-4.57,None,Bioavailable,0.785,Bioavailable  (Medium Confidence),Absorbed,0.994,Absorbed  (High Confidence),-4.29,Proper Value:  > 2 x 10-6cm/s,Bioavailable,0.57,Bioavailable  (Low Confidence),Non-Inhibitor,0.129,Non-Inhibitor  (High Confidence),Non-Substrate,0.331,Non-Substrate  (Medium Confidence),-2.58,Low Skin Permeability: log KP > -2.5
NVIC0094,O=C1CC(c2ccc3c(c2)OCO3)c2c(N1)[nH]c(nc2=O)SCc1cccc(c1)F	,-5.11,None,Bioavailable,0.608,Bioavailable  (Low Confidence),Absorbed,0.971,Absorbed  (High Confidence),-4.46,Proper Value:  > 2 x 10-6cm/s,Bioavailable,0.707,Bioavailable  (Medium Confidence),Inhibitor,0.997,Inhibitor  (High Confidence),Non-Substrate,0.243,Non-Substrate  (Medium Confidence),-2.13,Low Skin Permeability: log KP > -2.5
NVIC0095,O=C(Nc1ccccc1F)N[C@H]1N=C(c2ccccc2)c2c(NC1=O)cccc2	,-4.75,None,Bioavailable,0.788,Bioavailable  (Medium Confidence),Absorbed,0.996,Absorbed  (High Confidence),-4.69,Proper Value:  > 2 x 10-6cm/s,Bioavailable,0.554,Bioavailable  (Low Confidence),Non-Inhibitor,0.478,Non-Inhibitor  (Low Confidence),Non-Substrate,0.487,Non-Substrate  (Low Confidence),-3.07,Low Skin Permeability: log KP > -2.5
NVIC0096,C/C=C/CC(C(C1C(=O)NC(CC)C(=O)N(C)CC(=O)N(C)C(CC(C)C)C(=O)NC(C(C)C)C(=O)N(C)C(CC(C)C)C(=O)NC(C(=O)NC(C(=O)N(C(C(=O)N(C(C(=O)N(C(C(=O)N1C)C(C)C)C)CC(C)C)C)CC(C)C)C)C)C)O)C	,-5.08,None,Bioavailable,0.852,Bioavailable  (High Confidence),Non-Absorbed,0.083,Non-Absorbed  (High Confidence),1855301.74,Proper Value:  > 2 x 10-6cm/s,Non-Bioavailable,0.368,Non-Bioavailable  (Low Confidence),Inhibitor,1,Inhibitor  (High Confidence),Substrate,0.94,Substrate  (High Confidence),242466699.4,Low Skin Permeability: log KP > -2.5
NVIC0097,CC(CCC[C@H]([C@H]1CC[C@@H]2[C@]1(C)CCC/C/2=C\C=C/1\C[C@@H](O)CCC1=C)C)C	,-4.78,None,Bioavailable,0.679,Bioavailable  (Medium Confidence),Absorbed,0.994,Absorbed  (High Confidence),-4.54,Proper Value:  > 2 x 10-6cm/s,Bioavailable,0.564,Bioavailable  (Low Confidence),Non-Inhibitor,0.006,Non-Inhibitor  (High Confidence),Non-Substrate,0.319,Non-Substrate  (Medium Confidence),-3.41,Low Skin Permeability: log KP > -2.5
NVIC0098,Oc1cc(O)c2c(c1)oc(c(c2=O)O[C@@H]1O[C@H](CO[C@@H]2O[C@@H](C)[C@@H]([C@H]([C@H]2O)O)O)[C@H]([C@@H]([C@H]1O)O)O)c1ccc(c(c1)O)O	,-6.59,None,Non-Bioavailable,0.075,Non-Bioavailable  (High Confidence),Non-Absorbed,0.021,Non-Absorbed  (High Confidence),-5.53,Proper Value:  > 2 x 10-6cm/s,Non-Bioavailable,0.07,Non-Bioavailable  (High Confidence),Non-Inhibitor,0,Non-Inhibitor  (High Confidence),Non-Substrate,0.471,Non-Substrate  (Low Confidence),8.84,Low Skin Permeability: log KP > -2.5
NVIC0099,O=C(c1c(O)c(Cc2c(O)c(C)c(c(c2O)C(=O)C)O)c(c2c1OC(C)(C)C=C2)O)/C=C/c1ccccc1	,-6.47,None,Non-Bioavailable,0.198,Non-Bioavailable  (Medium Confidence),Absorbed,0.564,Absorbed  (Low Confidence),-5.03,Proper Value:  > 2 x 10-6cm/s,Bioavailable,0.63,Bioavailable  (Low Confidence),Inhibitor,0.994,Inhibitor  (High Confidence),Non-Substrate,0.371,Non-Substrate  (Low Confidence),1.41,Low Skin Permeability: log KP > -2.5
NVIC0100,O[C@H]1CCC(=C)/C(=C\C=C\2/CCC[C@]3([C@H]2CC[C@@H]3[C@@H](CCCC(O)(C)C)C)C)/C1	,-4.8,None,Bioavailable,0.698,Bioavailable  (Medium Confidence),Absorbed,0.994,Absorbed  (High Confidence),-4.51,Proper Value:  > 2 x 10-6cm/s,Bioavailable,0.616,Bioavailable  (Low Confidence),Non-Inhibitor,0.019,Non-Inhibitor  (High Confidence),Non-Substrate,0.358,Non-Substrate  (Low Confidence),-3.4,Low Skin Permeability: log KP > -2.5
NVIC0101,C1CCC[C@@H]2CCCN3[C@@H]2O[C@@H](CCCCCC[C@@H]2[C@H]4O[C@@H](CC1)CCN4CCC2)CC3	,-5.06,None,Bioavailable,0.829,Bioavailable  (Medium Confidence),Absorbed,0.557,Absorbed  (Low Confidence),-4.89,Proper Value:  > 2 x 10-6cm/s,Bioavailable,0.591,Bioavailable  (Low Confidence),Non-Inhibitor,0.063,Non-Inhibitor  (High Confidence),Substrate,0.527,Substrate  (Low Confidence),-1.98,Low Skin Permeability: log KP > -2.5
NVIC0102,COc1cc2c(cc1OCCCN1CCN(CC1)C)ncc(c2Nc1cc(OC)c(cc1Cl)Cl)C#N	,-5.62,None,Bioavailable,0.805,Bioavailable  (Medium Confidence),Absorbed,0.833,Absorbed  (High Confidence),-5.08,Proper Value:  > 2 x 10-6cm/s,Bioavailable,0.711,Bioavailable  (Medium Confidence),Inhibitor,0.988,Inhibitor  (High Confidence),Substrate,0.622,Substrate  (Low Confidence),-0.77,Low Skin Permeability: log KP > -2.5
NVIC0103,COC(=O)C(C1CC2N(C/C/1=C\C)CCc1c2[nH]c2c1cccc2)Cc1c[n+]2CC3C(C)OC=C(C3Cc2c2c1c1ccccc1[nH]2)C(=O)OC	,-5.75,None,Non-Bioavailable,0.344,Non-Bioavailable  (Low Confidence),Absorbed,0.986,Absorbed  (High Confidence),13.81,Proper Value:  > 2 x 10-6cm/s,Non-Bioavailable,0.045,Non-Bioavailable  (High Confidence),Non-Inhibitor,0.033,Non-Inhibitor  (High Confidence),Substrate,0.942,Substrate  (High Confidence),2517.72,Low Skin Permeability: log KP > -2.5
NVIC0104,O=C(c1ccncc1)N/N=C(/C(=O)O)\C	,-5.33,None,Bioavailable,0.691,Bioavailable  (Medium Confidence),Absorbed,0.873,Absorbed  (High Confidence),-4.47,Proper Value:  > 2 x 10-6cm/s,Bioavailable,0.549,Bioavailable  (Low Confidence),Non-Inhibitor,0,Non-Inhibitor  (High Confidence),Non-Substrate,0.119,Non-Substrate  (High Confidence),-3.14,Low Skin Permeability: log KP > -2.5
NVIC0105,O=C[C@@H]([C@H]([C@@H]([C@@H](CO[C@H]1O[C@H](CO[C@H]2O[C@H](CO)[C@@H]([C@@H]([C@H]2O)O)O)[C@@H]([C@@H]([C@H]1O)O)O)O)O)O)O	,-6.17,None,Non-Bioavailable,0.146,Non-Bioavailable  (High Confidence),Non-Absorbed,0.007,Non-Absorbed  (High Confidence),-5.93,Proper Value:  > 2 x 10-6cm/s,Non-Bioavailable,0.036,Non-Bioavailable  (High Confidence),Non-Inhibitor,0,Non-Inhibitor  (High Confidence),Non-Substrate,0.163,Non-Substrate  (High Confidence),0.71,Low Skin Permeability: log KP > -2.5
NVIC0106,N#C[C@]1(O[C@@H]([C@H]([C@H]1O)O)COP(=O)(OP(=O)(OP(=O)(O)O)O)O)c1ccc2n1ncnc2N	,-5.36,None,Non-Bioavailable,0.006,Non-Bioavailable  (High Confidence),Absorbed,0.836,Absorbed  (High Confidence),-5.27,Proper Value:  > 2 x 10-6cm/s,Non-Bioavailable,0.003,Non-Bioavailable  (High Confidence),Non-Inhibitor,0,Non-Inhibitor  (High Confidence),Non-Substrate,0.027,Non-Substrate  (High Confidence),-0.34,Low Skin Permeability: log KP > -2.5
NVIC0107,CC(=O)Nc1ccc(cc1)/C(=N\Nc1nc(Nc2ccccc2)nc(n1)N1CCOCC1)/C	,-5.75,None,Bioavailable,0.896,Bioavailable  (High Confidence),Absorbed,0.936,Absorbed  (High Confidence),-5.17,Proper Value:  > 2 x 10-6cm/s,Bioavailable,0.898,Bioavailable  (High Confidence),Inhibitor,1,Inhibitor  (High Confidence),Substrate,0.522,Substrate  (Low Confidence),-3.92,Low Skin Permeability: log KP > -2.5
NVIC0108,Cc1cccn2c1ncc(c2=O)c1n[nH]nn1	,-4.88,None,Bioavailable,0.851,Bioavailable  (High Confidence),Absorbed,0.842,Absorbed  (High Confidence),-5.24,Proper Value:  > 2 x 10-6cm/s,Bioavailable,0.593,Bioavailable  (Low Confidence),Non-Inhibitor,0.001,Non-Inhibitor  (High Confidence),Non-Substrate,0.135,Non-Substrate  (High Confidence),-1.76,Low Skin Permeability: log KP > -2.5
NVIC0109,O[C@@H]1[C@H](O)[C@H](O[C@H]1[n+]1cccc(c1)C(=O)N)COP(=O)(OP(=O)(OC[C@H]1O[C@H]([C@@H]([C@@H]1O)OP(=O)(O)O)n1cnc2c1ncnc2N)O)[O-]	,-5.49,None,Non-Bioavailable,0.008,Non-Bioavailable  (High Confidence),Absorbed,0.994,Absorbed  (High Confidence),-5.08,Proper Value:  > 2 x 10-6cm/s,Non-Bioavailable,0,Non-Bioavailable  (High Confidence),Non-Inhibitor,0,Non-Inhibitor  (High Confidence),Non-Substrate,0.016,Non-Substrate  (High Confidence),64.49,Low Skin Permeability: log KP > -2.5
NVIC0110,OC[C@H]1O[C@H]([C@@H]([C@@H]1O)O)n1ncc(=O)[nH]c1=O	,-5.84,None,Bioavailable,0.609,Bioavailable  (Low Confidence),Non-Absorbed,0.357,Non-Absorbed  (Low Confidence),-5.24,Proper Value:  > 2 x 10-6cm/s,Non-Bioavailable,0.433,Non-Bioavailable  (Low Confidence),Non-Inhibitor,0.001,Non-Inhibitor  (High Confidence),Non-Substrate,0.161,Non-Substrate  (High Confidence),-1.21,Low Skin Permeability: log KP > -2.5
NVIC0111,OS(=O)(=O)c1ccccc1NCCOCC1=C(C(=O)OCC)C(C(=C(N1)C)C(=O)OC)c1ccccc1Cl	,-5.69,None,Non-Bioavailable,0.26,Non-Bioavailable  (Medium Confidence),Absorbed,0.753,Absorbed  (Medium Confidence),-5.17,Proper Value:  > 2 x 10-6cm/s,Non-Bioavailable,0.485,Non-Bioavailable  (Low Confidence),Non-Inhibitor,0.048,Non-Inhibitor  (High Confidence),Non-Substrate,0.055,Non-Substrate  (High Confidence),-1.9,Low Skin Permeability: log KP > -2.5
NVIC0112,COCC(=O)O[C@]1(CCN(CCCc2nc3c([nH]2)cccc3)C)CCc2c([C@@H]1C(C)C)ccc(c2)F	,-4.94,None,Non-Bioavailable,0.372,Non-Bioavailable  (Low Confidence),Absorbed,0.98,Absorbed  (High Confidence),-4.9,Proper Value:  > 2 x 10-6cm/s,Non-Bioavailable,0.413,Non-Bioavailable  (Low Confidence),Inhibitor,1,Inhibitor  (High Confidence),Substrate,0.694,Substrate  (Medium Confidence),-1.17,Low Skin Permeability: log KP > -2.5
NVIC0114,OC[C@@]12SS[C@@]3(N(C1=O)[C@@H]1[C@@H](O)C=CC=C1C3)C(=O)N2C	,-4.86,None,Bioavailable,0.6,Bioavailable  (Low Confidence),Absorbed,0.797,Absorbed  (Medium Confidence),-4.73,Proper Value:  > 2 x 10-6cm/s,Non-Bioavailable,0.313,Non-Bioavailable  (Medium Confidence),Non-Inhibitor,0,Non-Inhibitor  (High Confidence),Non-Substrate,0.343,Non-Substrate  (Low Confidence),-0.62,Low Skin Permeability: log KP > -2.5
NVIC0115,NC(=O)C[C@@H]1NC(=O)[C@H](CCC(=O)N)NC(=O)[C@H](Cc2ccccc2)NC(=O)[C@H](Cc2ccc(cc2)O)NC(=O)[C@H](CSSC[C@H](NC1=O)C(=O)N1CCC[C@H]1C(=O)N[C@H](C(=O)NCC(=O)N)CCCN=C(N)N)N	,-5.65,None,Non-Bioavailable,0.067,Non-Bioavailable  (High Confidence),Non-Absorbed,0.21,Non-Absorbed  (Medium Confidence),145252.61,Proper Value:  > 2 x 10-6cm/s,Non-Bioavailable,0.286,Non-Bioavailable  (Medium Confidence),Non-Inhibitor,0,Non-Inhibitor  (High Confidence),Substrate,0.995,Substrate  (High Confidence),18983762.13,Low Skin Permeability: log KP > -2.5
NVIC0116,Cl[La](Cl)Cl	,-3.99,None,Bioavailable,0.913,Bioavailable  (High Confidence),Non-Absorbed,0.415,Non-Absorbed  (Low Confidence),-3.46,Proper Value:  > 2 x 10-6cm/s,Bioavailable,0.772,Bioavailable  (Medium Confidence),Non-Inhibitor,0,Non-Inhibitor  (High Confidence),Non-Substrate,0.067,Non-Substrate  (High Confidence),-3.1,Low Skin Permeability: log KP > -2.5
NVIC0117,OP(=O)(O)OOP(=O)(O)OCCN(CCCC(Nc1ccnc2c1ccc(c2)Cl)C)CC	,-5.23,None,Non-Bioavailable,0.099,Non-Bioavailable  (High Confidence),Absorbed,0.969,Absorbed  (High Confidence),-5.06,Proper Value:  > 2 x 10-6cm/s,Non-Bioavailable,0.036,Non-Bioavailable  (High Confidence),Non-Inhibitor,0,Non-Inhibitor  (High Confidence),Non-Substrate,0.075,Non-Substrate  (High Confidence),-1.78,Low Skin Permeability: log KP > -2.5
NVIC0118,O[C@H]1CC[C@]2(C(=CC[C@@H]3[C@@H]2CC[C@]2([C@H]3CC[C@@H]2[C@@H](CCCC(O)(C)C)C)C)C1)C	,-4.71,None,Bioavailable,0.713,Bioavailable  (Medium Confidence),Absorbed,0.996,Absorbed  (High Confidence),-4.33,Proper Value:  > 2 x 10-6cm/s,Bioavailable,0.834,Bioavailable  (High Confidence),Non-Inhibitor,0.043,Non-Inhibitor  (High Confidence),Non-Substrate,0.306,Non-Substrate  (Medium Confidence),-2.86,Low Skin Permeability: log KP > -2.5
NVIC0120,Clc1cc(Cl)c2c(c1)[nH]c(=O)c(c2O)SCCCc1cncnc1	,-4.86,None,Bioavailable,0.822,Bioavailable  (Medium Confidence),Absorbed,0.985,Absorbed  (High Confidence),-4.73,Proper Value:  > 2 x 10-6cm/s,Bioavailable,0.782,Bioavailable  (Medium Confidence),Inhibitor,0.581,Inhibitor  (Low Confidence),Non-Substrate,0.103,Non-Substrate  (High Confidence),-1.65,Low Skin Permeability: log KP > -2.5
NVIC0121,C[C@@H](C[C@H](/C(=C/C(=O)[C@H](C[C@H](C[C@@H](CCC(=O)O)C)C)C)/O)C)C/C=C/[C@H]([C@H]([C@H]([C@H](C[C@@H]1CC[C@@](O1)(C)[C@H]1CC[C@@](O1)(C)[C@H](O)C)O)C)O)C	,-5.56,None,Bioavailable,0.603,Bioavailable  (Low Confidence),Absorbed,0.912,Absorbed  (High Confidence),-4.93,Proper Value:  > 2 x 10-6cm/s,Non-Bioavailable,0.066,Non-Bioavailable  (High Confidence),Non-Inhibitor,0.021,Non-Inhibitor  (High Confidence),Substrate,0.588,Substrate  (Low Confidence),66.57,Low Skin Permeability: log KP > -2.5
NVIC0122,O=C1CN(C(=O)N1)/N=C/c1ccc(o1)c1ccc(cc1)[N+](=O)[O-]	,-4.9,None,Bioavailable,0.738,Bioavailable  (Medium Confidence),Absorbed,0.999,Absorbed  (High Confidence),-3.69,Proper Value:  > 2 x 10-6cm/s,Bioavailable,0.634,Bioavailable  (Low Confidence),Non-Inhibitor,0,Non-Inhibitor  (High Confidence),Non-Substrate,0.093,Non-Substrate  (High Confidence),-0.79,Low Skin Permeability: log KP > -2.5
NVIC0123,COc1c(OC)cc2c3c1Oc1cc4c(cc1OC)CCN([C@H]4Cc1ccc(Oc4cc(C[C@@H]3N(CC2)C)ccc4OC)cc1)C	,-5.25,None,Non-Bioavailable,0.408,Non-Bioavailable  (Low Confidence),Non-Absorbed,0.119,Non-Absorbed  (High Confidence),-4.31,Proper Value:  > 2 x 10-6cm/s,Non-Bioavailable,0.31,Non-Bioavailable  (Medium Confidence),Inhibitor,1,Inhibitor  (High Confidence),Substrate,0.72,Substrate  (Medium Confidence),96.99,Low Skin Permeability: log KP > -2.5
NVIC0124,C=CCc1cccc2c1oc(=O)c(c2)C(=O)Nc1ccccc1C(=O)O	,-5.06,None,Bioavailable,0.644,Bioavailable  (Low Confidence),Absorbed,0.972,Absorbed  (High Confidence),-5.05,Proper Value:  > 2 x 10-6cm/s,Bioavailable,0.598,Bioavailable  (Low Confidence),Non-Inhibitor,0,Non-Inhibitor  (High Confidence),Non-Substrate,0.115,Non-Substrate  (High Confidence),-2.9,Low Skin Permeability: log KP > -2.5
NVIC0125,CCNc1nc(nc(n1)N(CC(=O)OC)C#N)NC(C)(C)C	,-5.04,None,Bioavailable,0.789,Bioavailable  (Medium Confidence),Absorbed,0.889,Absorbed  (High Confidence),-4.72,Proper Value:  > 2 x 10-6cm/s,Bioavailable,0.76,Bioavailable  (Medium Confidence),Non-Inhibitor,0,Non-Inhibitor  (High Confidence),Non-Substrate,0.209,Non-Substrate  (Medium Confidence),-2.85,Low Skin Permeability: log KP > -2.5
NVIC0126,Cc1ccc(cc1)n1c2CC(C)(C)CC(=O)c2cc(c1=O)C(=O)N1CCOCC1	,-4.78,None,Bioavailable,0.811,Bioavailable  (Medium Confidence),Absorbed,0.98,Absorbed  (High Confidence),-4.68,Proper Value:  > 2 x 10-6cm/s,Bioavailable,0.582,Bioavailable  (Low Confidence),Inhibitor,0.559,Inhibitor  (Low Confidence),Non-Substrate,0.35,Non-Substrate  (Low Confidence),-1.73,Low Skin Permeability: log KP > -2.5
NVIC0127,O1CCN(CC1)c1nc(N/N=C/c2cccnc2)nc(n1)Nc1ccccc1	,-5.29,None,Bioavailable,0.928,Bioavailable  (High Confidence),Absorbed,0.938,Absorbed  (High Confidence),-4.91,Proper Value:  > 2 x 10-6cm/s,Bioavailable,0.884,Bioavailable  (High Confidence),Inhibitor,0.975,Inhibitor  (High Confidence),Non-Substrate,0.384,Non-Substrate  (Low Confidence),-3.77,Low Skin Permeability: log KP > -2.5
NVIC0128,Fc1ccc(cc1F)S(=O)(=O)Nc1ccc(cc1)n1cnnn1	,-4.47,None,Bioavailable,0.905,Bioavailable  (High Confidence),Absorbed,0.972,Absorbed  (High Confidence),-4.68,Proper Value:  > 2 x 10-6cm/s,Bioavailable,0.95,Bioavailable  (High Confidence),Non-Inhibitor,0.003,Non-Inhibitor  (High Confidence),Non-Substrate,0.084,Non-Substrate  (High Confidence),-4.87,Low Skin Permeability: log KP > -2.5
NVIC0129,N#CN(c1nc(NC(C)C)nc(n1)NC(C)C)CC(=O)OC	,-5.1,None,Bioavailable,0.755,Bioavailable  (Medium Confidence),Absorbed,0.813,Absorbed  (Medium Confidence),-4.83,Proper Value:  > 2 x 10-6cm/s,Bioavailable,0.685,Bioavailable  (Medium Confidence),Non-Inhibitor,0,Non-Inhibitor  (High Confidence),Non-Substrate,0.217,Non-Substrate  (Medium Confidence),-2.48,Low Skin Permeability: log KP > -2.5
NVIC0130,OC(=O)CCCc1c[nH]c2c1cccc2	,-5.04,None,Bioavailable,0.69,Bioavailable  (Medium Confidence),Absorbed,0.988,Absorbed  (High Confidence),-4.32,Proper Value:  > 2 x 10-6cm/s,Bioavailable,0.597,Bioavailable  (Low Confidence),Non-Inhibitor,0,Non-Inhibitor  (High Confidence),Non-Substrate,0.143,Non-Substrate  (High Confidence),-2.46,Low Skin Permeability: log KP > -2.5
NVIC0131,OC(=O)c1cccc2c1c(=O)c(c[nH]2)C(=O)O	,-5.3,None,Bioavailable,0.63,Bioavailable  (Low Confidence),Absorbed,0.821,Absorbed  (Medium Confidence),-5.05,Proper Value:  > 2 x 10-6cm/s,Bioavailable,0.538,Bioavailable  (Low Confidence),Non-Inhibitor,0,Non-Inhibitor  (High Confidence),Non-Substrate,0.08,Non-Substrate  (High Confidence),-4.01,Low Skin Permeability: log KP > -2.5
NVIC0132,O=C(N[C@@H](C(=O)N1CCc2c1cccc2)c1ccccc1)Nc1ccc(cc1)C	,-5,None,Bioavailable,0.794,Bioavailable  (Medium Confidence),Absorbed,0.989,Absorbed  (High Confidence),-4.48,Proper Value:  > 2 x 10-6cm/s,Bioavailable,0.757,Bioavailable  (Medium Confidence),Inhibitor,0.994,Inhibitor  (High Confidence),Non-Substrate,0.369,Non-Substrate  (Low Confidence),-2.35,Low Skin Permeability: log KP > -2.5
NVIC0133,OC[C@H]1O[C@H](OC[C@H]2O[C@H](OC[C@H]3O[C@H](OC4[C@@H](O)[C@H](O)C([C@@H]([C@@H]4O)O)O)[C@@H]([C@H]([C@H]3O)O)O)[C@@H]([C@H]([C@H]2O)O)O)[C@@H]([C@H]([C@H]1O)O)O	,-6.54,None,Non-Bioavailable,0.034,Non-Bioavailable  (High Confidence),Non-Absorbed,0,Non-Absorbed  (High Confidence),-5.78,Proper Value:  > 2 x 10-6cm/s,Non-Bioavailable,0.022,Non-Bioavailable  (High Confidence),Non-Inhibitor,0,Non-Inhibitor  (High Confidence),Non-Substrate,0.064,Non-Substrate  (High Confidence),15.55,Low Skin Permeability: log KP > -2.5
NVIC0134,CCc1ccc(cc1)C1N(CCc2c1[nH]c1c2cccc1)C(=O)C1CCC1	,-5.11,None,Bioavailable,0.689,Bioavailable  (Medium Confidence),Absorbed,0.995,Absorbed  (High Confidence),-4.8,Proper Value:  > 2 x 10-6cm/s,Non-Bioavailable,0.352,Non-Bioavailable  (Low Confidence),Inhibitor,0.919,Inhibitor  (High Confidence),Non-Substrate,0.472,Non-Substrate  (Low Confidence),-1.78,Low Skin Permeability: log KP > -2.5
NVIC0135,COC(=O)C1=C2Nc3c([C@]42[C@H](C(C1)C[C@@]1(CC)COC(O1)(C)C)C(CN4)Cc1ccccc1)cccc3	,-5.12,None,Bioavailable,0.671,Bioavailable  (Medium Confidence),Absorbed,0.883,Absorbed  (High Confidence),-4.83,Proper Value:  > 2 x 10-6cm/s,Non-Bioavailable,0.188,Non-Bioavailable  (Medium Confidence),Inhibitor,0.995,Inhibitor  (High Confidence),Substrate,0.8,Substrate  (Medium Confidence),-1.29,Low Skin Permeability: log KP > -2.5
NVIC0136,Cc1ccc(cc1)S(=O)(=O)CC(=O)NC1SC=C(N1)c1ccc(cc1)O	,-6.16,None,Bioavailable,0.648,Bioavailable  (Low Confidence),Absorbed,0.947,Absorbed  (High Confidence),-5.1,Proper Value:  > 2 x 10-6cm/s,Bioavailable,0.738,Bioavailable  (Medium Confidence),Non-Inhibitor,0.142,Non-Inhibitor  (High Confidence),Non-Substrate,0.181,Non-Substrate  (Medium Confidence),-2.27,Low Skin Permeability: log KP > -2.5
NVIC0137,Fc1cnc(c(n1)C(=O)N1CCN(CC1)c1nnc(o1)c1ccccc1)O	,-4.25,None,Bioavailable,0.782,Bioavailable  (Medium Confidence),Absorbed,0.964,Absorbed  (High Confidence),-4.61,Proper Value:  > 2 x 10-6cm/s,Bioavailable,0.842,Bioavailable  (High Confidence),Non-Inhibitor,0.004,Non-Inhibitor  (High Confidence),Non-Substrate,0.228,Non-Substrate  (Medium Confidence),-2.72,Low Skin Permeability: log KP > -2.5
NVIC0138,Clc1ccc(cc1)c1nnc(o1)N1CCN(CC1)C(=O)c1nc(F)cnc1O	,-4.42,None,Bioavailable,0.841,Bioavailable  (High Confidence),Absorbed,0.98,Absorbed  (High Confidence),-4.64,Proper Value:  > 2 x 10-6cm/s,Bioavailable,0.848,Bioavailable  (High Confidence),Non-Inhibitor,0.013,Non-Inhibitor  (High Confidence),Non-Substrate,0.201,Non-Substrate  (Medium Confidence),-2.42,Low Skin Permeability: log KP > -2.5
NVIC0139,Oc1ccc(cc1)c1nnc(o1)N1CCN(CC1)C(=O)c1nc(F)cnc1O	,-4.89,None,Bioavailable,0.706,Bioavailable  (Medium Confidence),Absorbed,0.934,Absorbed  (High Confidence),-5.01,Proper Value:  > 2 x 10-6cm/s,Bioavailable,0.813,Bioavailable  (Medium Confidence),Non-Inhibitor,0.001,Non-Inhibitor  (High Confidence),Non-Substrate,0.292,Non-Substrate  (Medium Confidence),-2.47,Low Skin Permeability: log KP > -2.5
NVIC0140,OCC(C(CO)O)NC(=O)c1c(I)c(N(C(=O)CC(=O)N(c2c(I)c(C(=O)NC(C(CO)O)CO)c(c(c2I)C(=O)NC(C(CO)O)CO)I)C)C)c(c(c1I)C(=O)NC(C(CO)O)CO)I	,-6.09,None,Non-Bioavailable,0.292,Non-Bioavailable  (Medium Confidence),Non-Absorbed,0,Non-Absorbed  (High Confidence),1173.26,Proper Value:  > 2 x 10-6cm/s,Non-Bioavailable,0.172,Non-Bioavailable  (Medium Confidence),Non-Inhibitor,0,Non-Inhibitor  (High Confidence),Substrate,0.792,Substrate  (Medium Confidence),154280.12,Low Skin Permeability: log KP > -2.5
NVIC0141,OC1C(O)[C@H](O[C@H]1c1ccc2n1ncnc2N)COP(=O)(O)O	,-5.23,None,Non-Bioavailable,0.438,Non-Bioavailable  (Low Confidence),Absorbed,0.907,Absorbed  (High Confidence),-5.1,Proper Value:  > 2 x 10-6cm/s,Non-Bioavailable,0.096,Non-Bioavailable  (High Confidence),Non-Inhibitor,0,Non-Inhibitor  (High Confidence),Non-Substrate,0.1,Non-Substrate  (High Confidence),-2.15,Low Skin Permeability: log KP > -2.5
NVIC0142,CC=C1CNC2C3C1CC(C)[C@H]1C(C3OC(=O)C)(C2)c2c(N1)cccc2,-4.78,None,Bioavailable,0.824,Bioavailable  (Medium Confidence),Absorbed,0.993,Absorbed  (High Confidence),-5,Proper Value:  > 2 x 10-6cm/s,Non-Bioavailable,0.419,Non-Bioavailable  (Low Confidence),Non-Inhibitor,0.024,Non-Inhibitor  (High Confidence),Substrate,0.521,Substrate  (Low Confidence),-2.76,Low Skin Permeability: log KP > -2.5