NVIC_id,SMILES,[Distribution/Blood-Brain Barrier (Central Nervous System)] Predictions,[Distribution/Blood-Brain Barrier (Central Nervous System)] Interpretation,[Distribution/Blood-Brain Barrier] Predictions,[Distribution/Blood-Brain Barrier] Probability,[Distribution/Blood-Brain Barrier] Interpretation,[Distribution/Fraction Unbound (Human)] Predictions,[Distribution/Fraction Unbound (Human)] Interpretation,[Distribution/Plasma Protein Binding] Predictions,[Distribution/Plasma Protein Binding] Interpretation,[Distribution/Steady State Volume of Distribution] Predictions,[Distribution/Steady State Volume of Distribution] Interpretation
NVIC0001,NCC(=O)Nc1ccc(cc1)n1nc(cc1c1ccc2c(c1)ccc1c2cccc1)C(F)(F)F	,-1.48,- ,Penetrable,0.971,Penetrable  (High Confidence),1.72,None,98.15,Proper Value: therapeutic index < 90 perc; Poor Value value > 90 perc,2.02,Low Value: < 0.71 L/kg (log VDss < -0.15); High Value > 2.81 L/kg (log VDss > 0.45).
NVIC0002,COc1cc2CCN([C@H]3c2cc1Oc1c2c(CCN([C@H]2Cc2ccc(Oc4cc(C3)ccc4OC)cc2)C)cc2c1OCO2)C	,-2.69,- ,Penetrable,0.965,Penetrable  (High Confidence),1.1,None,62.87,Proper Value: therapeutic index < 90 perc; Poor Value value > 90 perc,0.95,Low Value: < 0.71 L/kg (log VDss < -0.15); High Value > 2.81 L/kg (log VDss > 0.45).
NVIC0003,CC(=C)[C@H]1Oc2c(C1)c1NC(=O)[C@@]3(c1cc2)C[C@@]12[C@@H](C3(C)C)C[C@@]3(C(=O)N1)N(C2=O)CCC3	,-2.76,- ,Penetrable,0.993,Penetrable  (High Confidence),1.05,None,72.81,Proper Value: therapeutic index < 90 perc; Poor Value value > 90 perc,2.56,Low Value: < 0.71 L/kg (log VDss < -0.15); High Value > 2.81 L/kg (log VDss > 0.45).
NVIC0004,O=C1N(c2cccc(c2)C(F)(F)F)C(=O)[C@H]2[C@H]1C1c3ccccc3C2(c2c1cccc2)C(=O)C	,-1.52,- ,Penetrable,1,Penetrable  (High Confidence),2.14,None,100.97,Proper Value: therapeutic index < 90 perc; Poor Value value > 90 perc,2.97,Low Value: < 0.71 L/kg (log VDss < -0.15); High Value > 2.81 L/kg (log VDss > 0.45).
NVIC0005,O=C(N1CCCc2c1cccc2)CSc1nnnn1c1cccc2c1cccc2	,-2.01,- ,Penetrable,0.986,Penetrable  (High Confidence),1.39,None,81.53,Proper Value: therapeutic index < 90 perc; Poor Value value > 90 perc,1.86,Low Value: < 0.71 L/kg (log VDss < -0.15); High Value > 2.81 L/kg (log VDss > 0.45).
NVIC0006,COc1ccc2c(c1)CC[C@@H]1[C@@H]2CC[C@]2([C@H]1CC[C@@H]2NCCCCCCN1C(=O)C=CC1=O)C	,-3.14,- ,Penetrable,0.999,Penetrable  (High Confidence),1.29,None,84.13,Proper Value: therapeutic index < 90 perc; Poor Value value > 90 perc,1.4,Low Value: < 0.71 L/kg (log VDss < -0.15); High Value > 2.81 L/kg (log VDss > 0.45).
NVIC0007,CC(C[C@@H]1N[C@@H]2N(C1=O)c1c([C@@]32C[C@@H]2C(=O)N[C@@](O3)(C)c3n2c(=O)c2c(n3)cccc2)cccc1)C	,-2.59,- ,Penetrable,0.97,Penetrable  (High Confidence),0.97,None,78.47,Proper Value: therapeutic index < 90 perc; Poor Value value > 90 perc,2.03,Low Value: < 0.71 L/kg (log VDss < -0.15); High Value > 2.81 L/kg (log VDss > 0.45).
NVIC0008,COc1ccccc1c1cc2ccc(cc2[nH]c1=O)Cl	,-1.67,- ,Penetrable,0.964,Penetrable  (High Confidence),1.74,None,75.83,Proper Value: therapeutic index < 90 perc; Poor Value value > 90 perc,0.7,Low Value: < 0.71 L/kg (log VDss < -0.15); High Value > 2.81 L/kg (log VDss > 0.45).
NVIC0009,N/C(=N\Cc1ccccc1)/NC(=O)c1nc(Cl)c(nc1N)N	,-1.93,- ,Penetrable,0.741,Penetrable  (Medium Confidence),0.23,None,57.45,Proper Value: therapeutic index < 90 perc; Poor Value value > 90 perc,1.99,Low Value: < 0.71 L/kg (log VDss < -0.15); High Value > 2.81 L/kg (log VDss > 0.45).
NVIC0010,C[C@H]1CC[C@]2([C@@]3([C@@H]1O)O[C@@]1([C@]4([C@@]3(O)[C@@]([C@@]2(C)C1)(O)[C@@H]([C@]4(O)C(C)C)OC(=O)c1[nH]ccc1)C)O)O	,-4.1,- ,Non-Penetrable,0.485,Non-Penetrable  (Low Confidence),0.62,None,91.77,Proper Value: therapeutic index < 90 perc; Poor Value value > 90 perc,0.38,Low Value: < 0.71 L/kg (log VDss < -0.15); High Value > 2.81 L/kg (log VDss > 0.45).
NVIC0011,Cc1coc2c1C(=O)C(=O)c1c2ccc2c1cccc2C	,-2.11,- ,Penetrable,0.98,Penetrable  (High Confidence),1.79,None,69.92,Proper Value: therapeutic index < 90 perc; Poor Value value > 90 perc,0.89,Low Value: < 0.71 L/kg (log VDss < -0.15); High Value > 2.81 L/kg (log VDss > 0.45).
NVIC0012,OC[C@H]1O[C@@]([C@H]([C@@H]1O)O)(CO)O[C@H]1O[C@H](CO[C@@H]2O[C@H](CO)[C@H]([C@@H]([C@H]2O)O)O)[C@H]([C@@H]([C@H]1O)O)O	,-4.49,- ,Non-Penetrable,0,Non-Penetrable  (High Confidence),0.56,None,49.7,Proper Value: therapeutic index < 90 perc; Poor Value value > 90 perc,-0.01,Low Value: < 0.71 L/kg (log VDss < -0.15); High Value > 2.81 L/kg (log VDss > 0.45).
NVIC0013,COc1ccc2c(c1)nc(s2)NC(c1ccc2c(c1O)nccc2)c1ccc(cc1)OC(F)F	,-1.98,- ,Penetrable,0.986,Penetrable  (High Confidence),1.68,None,103.58,Proper Value: therapeutic index < 90 perc; Poor Value value > 90 perc,0.98,Low Value: < 0.71 L/kg (log VDss < -0.15); High Value > 2.81 L/kg (log VDss > 0.45).
NVIC0014,CNc1ccc2c(c1C(=O)O)nc(o2)C[C@H]1O[C@@]2(CC[C@H]1C)O[C@@H]([C@@H](C[C@H]2C)C)[C@@H](C(=O)c1ccc[nH]1)C	,-4.62,- ,Non-Penetrable,0.013,Non-Penetrable  (High Confidence),1.34,None,102.82,Proper Value: therapeutic index < 90 perc; Poor Value value > 90 perc,2.63,Low Value: < 0.71 L/kg (log VDss < -0.15); High Value > 2.81 L/kg (log VDss > 0.45).
NVIC0015,CCC(COC(=O)[C@@H](N[P@@](=O)(Oc1ccccc1)OC[C@H]1O[C@@]([C@@H]([C@@H]1O)O)(C#N)c1ccc2n1ncnc2N)C)CC	,-3.35,- ,Penetrable,0.935,Penetrable  (High Confidence),1.15,None,85.01,Proper Value: therapeutic index < 90 perc; Poor Value value > 90 perc,1.29,Low Value: < 0.71 L/kg (log VDss < -0.15); High Value > 2.81 L/kg (log VDss > 0.45).
NVIC0016,CCN(c1ccc(cc1)/C(=C/1\C=CC(=[N+](CC)CC)C=C1)/c1ccccc1)CC	,-1.95,- ,Penetrable,0.842,Penetrable  (High Confidence),1.48,None,39.56,Proper Value: therapeutic index < 90 perc; Poor Value value > 90 perc,6.12,Low Value: < 0.71 L/kg (log VDss < -0.15); High Value > 2.81 L/kg (log VDss > 0.45).
NVIC0017,OC[C@H]1O[C@H]([C@@H]([C@@H]1O)O)c1n[nH]c(c1O)C(=O)N	,-4.3,- ,Penetrable,0.974,Penetrable  (High Confidence),0.49,None,39.38,Proper Value: therapeutic index < 90 perc; Poor Value value > 90 perc,0.28,Low Value: < 0.71 L/kg (log VDss < -0.15); High Value > 2.81 L/kg (log VDss > 0.45).
NVIC0018,OC(=O)CC[C@@H](C(=O)O)NC(=O)c1ccc(cc1)NCC1CNc2c(N1)c(=O)[nH]c(n2)N	,-3.57,- ,Non-Penetrable,0.125,Non-Penetrable  (High Confidence),0.33,None,23.07,Proper Value: therapeutic index < 90 perc; Poor Value value > 90 perc,0.27,Low Value: < 0.71 L/kg (log VDss < -0.15); High Value > 2.81 L/kg (log VDss > 0.45).
NVIC0019,Oc1ccc(cc1)/C=N\Nc1nc(Nc2ccccc2)nc(n1)N1CCOCC1	,-1.48,- ,Penetrable,1,Penetrable  (High Confidence),1.2,None,97.53,Proper Value: therapeutic index < 90 perc; Poor Value value > 90 perc,0.96,Low Value: < 0.71 L/kg (log VDss < -0.15); High Value > 2.81 L/kg (log VDss > 0.45).
NVIC0020,COc1cc(/C=N\Nc2cc(nc(n2)N2CCOCC2)N2CCOCC2)ccc1O	,-2.29,- ,Penetrable,0.992,Penetrable  (High Confidence),0.84,None,77.81,Proper Value: therapeutic index < 90 perc; Poor Value value > 90 perc,1,Low Value: < 0.71 L/kg (log VDss < -0.15); High Value > 2.81 L/kg (log VDss > 0.45).
NVIC0021,COc1ccc(cc1O)/C=C\1/SC(=N)NC1=O	,-2.3,- ,Non-Penetrable,0.098,Non-Penetrable  (High Confidence),0.71,None,50.14,Proper Value: therapeutic index < 90 perc; Poor Value value > 90 perc,0.38,Low Value: < 0.71 L/kg (log VDss < -0.15); High Value > 2.81 L/kg (log VDss > 0.45).
NVIC0022,C[C@@H]1N[C@@H]2N(C1=O)c1c([C@]32C[C@@H]2[C@@](O3)(O)C(C)(C)C(=O)c3n2c(=O)c2ccccc2n3)cccc1	,-2.9,- ,Penetrable,0.882,Penetrable  (High Confidence),1.06,None,76.13,Proper Value: therapeutic index < 90 perc; Poor Value value > 90 perc,1.21,Low Value: < 0.71 L/kg (log VDss < -0.15); High Value > 2.81 L/kg (log VDss > 0.45).
NVIC0023,O=C1Nc2c([C@]31C[C@@]14[C@@H](C3(C)C)C[C@@]3(C(=O)N1)N(C4=O)CCC3)cc1c(c2)OC(C=C1)(C)C	,-2.62,- ,Penetrable,0.971,Penetrable  (High Confidence),1.12,None,78.85,Proper Value: therapeutic index < 90 perc; Poor Value value > 90 perc,2.52,Low Value: < 0.71 L/kg (log VDss < -0.15); High Value > 2.81 L/kg (log VDss > 0.45).
NVIC0024,OC[C@H]1O[C@@H](Oc2c(oc3c(c2=O)c(O)cc(c3O[C@@H]2O[C@H](C(=O)O)[C@H]([C@@H]([C@H]2O)O)O)O)c2ccc(c(c2)O)O)[C@@H]([C@H]([C@@H]1O)O)O	,-4.54,- ,Non-Penetrable,0,Non-Penetrable  (High Confidence),0.7,None,60.77,Proper Value: therapeutic index < 90 perc; Poor Value value > 90 perc,0.89,Low Value: < 0.71 L/kg (log VDss < -0.15); High Value > 2.81 L/kg (log VDss > 0.45).
NVIC0025,O=C(N(c1nc2c(s1)CCCC2)C)COc1cccc2c1OC(C2)(C)C	,-3.52,- ,Penetrable,1,Penetrable  (High Confidence),1.81,None,101.82,Proper Value: therapeutic index < 90 perc; Poor Value value > 90 perc,1.01,Low Value: < 0.71 L/kg (log VDss < -0.15); High Value > 2.81 L/kg (log VDss > 0.45).
NVIC0026,S=C1S/C(=C\c2ccc(o2)c2ccc(c(c2)C(=O)O)Cl)/C(=O)N1CCc1ccc(cc1)OCC1CC1	,-2.15,- ,Non-Penetrable,0.283,Non-Penetrable  (Medium Confidence),1.05,None,80.05,Proper Value: therapeutic index < 90 perc; Poor Value value > 90 perc,0.22,Low Value: < 0.71 L/kg (log VDss < -0.15); High Value > 2.81 L/kg (log VDss > 0.45).
NVIC0027,C[C@@H]1C[C@]23[N+](C1)([O-])C[C@]1([C@@H](C2)C(C)(C)[C@@]2(C1)C(=O)Nc1c2ccc2c1C(=O)CC(O2)(C)C)N(C3=O)C	,-3.64,- ,Penetrable,1,Penetrable  (High Confidence),0.74,None,92.95,Proper Value: therapeutic index < 90 perc; Poor Value value > 90 perc,1.38,Low Value: < 0.71 L/kg (log VDss < -0.15); High Value > 2.81 L/kg (log VDss > 0.45).
NVIC0028,OC[C@H]([C@H]([C@@H]([C@H](CO)O)O)O[C@@H]1O[C@H](CO)[C@@H]([C@@H]([C@H]1O)O)O)O	,-4.43,- ,Non-Penetrable,0,Non-Penetrable  (High Confidence),0.4,None,52.12,Proper Value: therapeutic index < 90 perc; Poor Value value > 90 perc,0.14,Low Value: < 0.71 L/kg (log VDss < -0.15); High Value > 2.81 L/kg (log VDss > 0.45).
NVIC0029,NCCOB(c1ccccc1)c1ccccc1	,-1.33,- ,Penetrable,0.978,Penetrable  (High Confidence),0.8,None,65.41,Proper Value: therapeutic index < 90 perc; Poor Value value > 90 perc,2.4,Low Value: < 0.71 L/kg (log VDss < -0.15); High Value > 2.81 L/kg (log VDss > 0.45).
NVIC0030,CC(C1=Cc2ccc3c(c2C(=O)C1=O)CCCC3(C)C)C	,-1.98,- ,Penetrable,0.997,Penetrable  (High Confidence),1.71,None,45.82,Proper Value: therapeutic index < 90 perc; Poor Value value > 90 perc,2.26,Low Value: < 0.71 L/kg (log VDss < -0.15); High Value > 2.81 L/kg (log VDss > 0.45).
NVIC0031,NC(=NC(=O)c1nc(Cl)c(nc1N)N)N	,-2.69,- ,Penetrable,0.984,Penetrable  (High Confidence),0.16,None,20.16,Proper Value: therapeutic index < 90 perc; Poor Value value > 90 perc,1.09,Low Value: < 0.71 L/kg (log VDss < -0.15); High Value > 2.81 L/kg (log VDss > 0.45).
NVIC0032,CCCCN(C(=O)c1ccc(c(c1)OC)OC)CCCNC(=O)OC(C)(C)C	,-2.46,- ,Penetrable,1,Penetrable  (High Confidence),0.63,None,48.28,Proper Value: therapeutic index < 90 perc; Poor Value value > 90 perc,0.7,Low Value: < 0.71 L/kg (log VDss < -0.15); High Value > 2.81 L/kg (log VDss > 0.45).
NVIC0033,CCOC(=O)C1=C(C)N=c2n(C1c1ccccc1)c(=O)/c(=C\c1cc(Br)ccc1OC(=O)C)/s2	,-1.96,- ,Non-Penetrable,0.362,Non-Penetrable  (Low Confidence),1.43,None,68.8,Proper Value: therapeutic index < 90 perc; Poor Value value > 90 perc,3.11,Low Value: < 0.71 L/kg (log VDss < -0.15); High Value > 2.81 L/kg (log VDss > 0.45).
NVIC0034,O=S(=O)(C1=Cc2c(CC1)cccc2)Nc1ccc(cc1)n1cnnn1	,-2.74,- ,Penetrable,0.973,Penetrable  (High Confidence),1.45,None,82.56,Proper Value: therapeutic index < 90 perc; Poor Value value > 90 perc,0.34,Low Value: < 0.71 L/kg (log VDss < -0.15); High Value > 2.81 L/kg (log VDss > 0.45).
NVIC0035,O=C1NC(=O)NC1(c1ccccc1)c1ccccc1	,-2.12,- ,Penetrable,1,Penetrable  (High Confidence),0.85,None,59.33,Proper Value: therapeutic index < 90 perc; Poor Value value > 90 perc,0.42,Low Value: < 0.71 L/kg (log VDss < -0.15); High Value > 2.81 L/kg (log VDss > 0.45).
NVIC0036,C[C@H]1O[C@H](C)CN(C1)C1=NC(=O)/C(=C/c2cn(nc2c2cc3c(o2)cccc3)c2ccccc2)/S1	,-1.04,- ,Penetrable,0.644,Penetrable  (Low Confidence),1.28,None,98.63,Proper Value: therapeutic index < 90 perc; Poor Value value > 90 perc,1.44,Low Value: < 0.71 L/kg (log VDss < -0.15); High Value > 2.81 L/kg (log VDss > 0.45).
NVIC0037,CCN(c1nc(N)c(nc1Cl)C(=O)N=C(N)N)C(C)C	,-2.47,- ,Penetrable,0.882,Penetrable  (High Confidence),0.47,None,36.61,Proper Value: therapeutic index < 90 perc; Poor Value value > 90 perc,1.37,Low Value: < 0.71 L/kg (log VDss < -0.15); High Value > 2.81 L/kg (log VDss > 0.45).
NVIC0038,CSC[C@H]1O[C@H]([C@@H]([C@@H]1O)O)n1ccc2c1ncnc2N	,-3.01,- ,Penetrable,0.984,Penetrable  (High Confidence),0.58,None,40.84,Proper Value: therapeutic index < 90 perc; Poor Value value > 90 perc,1.39,Low Value: < 0.71 L/kg (log VDss < -0.15); High Value > 2.81 L/kg (log VDss > 0.45).
NVIC0039,Nc1ncnc2c1[nH]cn2	,-3.14,- ,Penetrable,0.991,Penetrable  (High Confidence),0.19,None,17.1,Proper Value: therapeutic index < 90 perc; Poor Value value > 90 perc,2.26,Low Value: < 0.71 L/kg (log VDss < -0.15); High Value > 2.81 L/kg (log VDss > 0.45).
NVIC0040,Oc1ccc2c(c1)o/c(=N\c1sc3c(c1C(=O)N)CCCC3)/c(c2)C(=O)N	,-2.36,- ,Non-Penetrable,0.385,Non-Penetrable  (Low Confidence),1.2,None,93.04,Proper Value: therapeutic index < 90 perc; Poor Value value > 90 perc,1.61,Low Value: < 0.71 L/kg (log VDss < -0.15); High Value > 2.81 L/kg (log VDss > 0.45).
NVIC0041,OCc1cnc(n1Cc1ccc(cc1)C)SCC(=O)N1CCCc2c1cccc2	,-2.77,- ,Penetrable,0.669,Penetrable  (Medium Confidence),1.27,None,83.22,Proper Value: therapeutic index < 90 perc; Poor Value value > 90 perc,1.64,Low Value: < 0.71 L/kg (log VDss < -0.15); High Value > 2.81 L/kg (log VDss > 0.45).
NVIC0042,O=C(CSc1nc(nc2c1c(=O)n(C)c(=O)n2C)c1ccco1)NCCc1ccccc1	,-2.12,- ,Penetrable,1,Penetrable  (High Confidence),1.19,None,80.3,Proper Value: therapeutic index < 90 perc; Poor Value value > 90 perc,0.71,Low Value: < 0.71 L/kg (log VDss < -0.15); High Value > 2.81 L/kg (log VDss > 0.45).
NVIC0043,Fc1ccc(cc1)n1nc2c(c1NC(=O)C(=O)NCC1CCCO1)CSC2	,-2.33,- ,Penetrable,0.997,Penetrable  (High Confidence),1.02,None,77.22,Proper Value: therapeutic index < 90 perc; Poor Value value > 90 perc,2.41,Low Value: < 0.71 L/kg (log VDss < -0.15); High Value > 2.81 L/kg (log VDss > 0.45).
NVIC0044,S=C1S/C(=C\c2ccc(o2)c2ccc(c(c2)C(=O)O)Cl)/C(=O)N1CCc1ccccc1	,-2.06,- ,Penetrable,0.687,Penetrable  (Medium Confidence),1.02,None,73.32,Proper Value: therapeutic index < 90 perc; Poor Value value > 90 perc,0.18,Low Value: < 0.71 L/kg (log VDss < -0.15); High Value > 2.81 L/kg (log VDss > 0.45).
NVIC0045,O=C(N1CCN(CC1)C(=O)Nc1cccc(c1)c1ccccc1)Nc1cccc(c1)c1ccccc1	,-0.74,- ,Non-Penetrable,0.117,Non-Penetrable  (High Confidence),1.99,None,104.61,Proper Value: therapeutic index < 90 perc; Poor Value value > 90 perc,0.84,Low Value: < 0.71 L/kg (log VDss < -0.15); High Value > 2.81 L/kg (log VDss > 0.45).
NVIC0046,N#Cc1ccc(cc1)C(c1cncn1Cc1ccc2c(c1)c(cc(=O)n2C)c1cccc(c1)Cl)O	,-1.53,- ,Non-Penetrable,0.114,Non-Penetrable  (High Confidence),1.77,None,94.79,Proper Value: therapeutic index < 90 perc; Poor Value value > 90 perc,0.88,Low Value: < 0.71 L/kg (log VDss < -0.15); High Value > 2.81 L/kg (log VDss > 0.45).
NVIC0047,Clc1ccc(cc1)C(c1ccccc1)(OCC[C@H]1CCCN1C)COC(=O)/C=C/C(=O)O	,-2.41,- ,Penetrable,0.986,Penetrable  (High Confidence),1.68,None,75.83,Proper Value: therapeutic index < 90 perc; Poor Value value > 90 perc,2.28,Low Value: < 0.71 L/kg (log VDss < -0.15); High Value > 2.81 L/kg (log VDss > 0.45).
NVIC0048,CC(c1cc(O)c(cc1O)C(C)(C)C)(C)C	,-1.89,- ,Non-Penetrable,0.019,Non-Penetrable  (High Confidence),0.24,None,38.84,Proper Value: therapeutic index < 90 perc; Poor Value value > 90 perc,4.06,Low Value: < 0.71 L/kg (log VDss < -0.15); High Value > 2.81 L/kg (log VDss > 0.45).
NVIC0049,[Fe]	,-2.15,- ,Penetrable,0.999,Penetrable  (High Confidence),0.44,None,12.54,Proper Value: therapeutic index < 90 perc; Poor Value value > 90 perc,2.78,Low Value: < 0.71 L/kg (log VDss < -0.15); High Value > 2.81 L/kg (log VDss > 0.45).
NVIC0050,Cc1cccc(c1)Cc1nn(c2c1c(N)ncn2)C(C)(C)C	,-2.42,- ,Penetrable,0.988,Penetrable  (High Confidence),1,None,89.28,Proper Value: therapeutic index < 90 perc; Poor Value value > 90 perc,1.86,Low Value: < 0.71 L/kg (log VDss < -0.15); High Value > 2.81 L/kg (log VDss > 0.45).
NVIC0051,Cn1cnc2c1c(=O)n(C)c(=O)n2C	,-2.85,- ,Penetrable,1,Penetrable  (High Confidence),0.1,None,28.78,Proper Value: therapeutic index < 90 perc; Poor Value value > 90 perc,0.69,Low Value: < 0.71 L/kg (log VDss < -0.15); High Value > 2.81 L/kg (log VDss > 0.45).
NVIC0052,COc1ccc(cc1OC)CCN(CCCC(c1ccc(c(c1)OC)OC)(C(C)C)C#N)C	,-2.2,- ,Penetrable,0.501,Penetrable  (Low Confidence),1.05,None,43.92,Proper Value: therapeutic index < 90 perc; Poor Value value > 90 perc,3.7,Low Value: < 0.71 L/kg (log VDss < -0.15); High Value > 2.81 L/kg (log VDss > 0.45).
NVIC0053,CN(S(=O)(=O)c1ccc2c(c1)CCN2S(=O)(=O)c1cccs1)C	,-3.55,- ,Penetrable,0.996,Penetrable  (High Confidence),1.35,None,66.29,Proper Value: therapeutic index < 90 perc; Poor Value value > 90 perc,0.44,Low Value: < 0.71 L/kg (log VDss < -0.15); High Value > 2.81 L/kg (log VDss > 0.45).
NVIC0054,CCN(CCCC(Nc1ccnc2c1ccc(c2)Cl)C)CC	,-1.86,- ,Non-Penetrable,0.064,Non-Penetrable  (High Confidence),1.13,None,54.9,Proper Value: therapeutic index < 90 perc; Poor Value value > 90 perc,2.99,Low Value: < 0.71 L/kg (log VDss < -0.15); High Value > 2.81 L/kg (log VDss > 0.45).
NVIC0056,CCCCCCCCCCCCCC(=O)O[C@@H]1[C@@H](C)[C@@]2(O)[C@H]([C@H]3[C@]1(OC(=O)C)C3(C)C)C=C(C[C@]1([C@H]2C=C(C1=O)C)O)CO	,-1.75,- ,Non-Penetrable,0,Non-Penetrable  (High Confidence),1.04,None,102.22,Proper Value: therapeutic index < 90 perc; Poor Value value > 90 perc,1.12,Low Value: < 0.71 L/kg (log VDss < -0.15); High Value > 2.81 L/kg (log VDss > 0.45).
NVIC0057,Clc1ccccc1C(n1cncc1)(c1ccccc1)c1ccccc1	,-2.4,- ,Non-Penetrable,0.215,Non-Penetrable  (Medium Confidence),2.1,None,78.63,Proper Value: therapeutic index < 90 perc; Poor Value value > 90 perc,0.5,Low Value: < 0.71 L/kg (log VDss < -0.15); High Value > 2.81 L/kg (log VDss > 0.45).
NVIC0058,OCC(=O)[C@@]1(O)C[C@H](O[C@H]2C[C@H](N)[C@@H]([C@@H](O2)C)O)c2c(C1)c(O)c1c(c2O)C(=O)c2c(C1=O)cccc2OC	,-4.82,- ,Non-Penetrable,0.006,Non-Penetrable  (High Confidence),0.81,None,76.29,Proper Value: therapeutic index < 90 perc; Poor Value value > 90 perc,1.44,Low Value: < 0.71 L/kg (log VDss < -0.15); High Value > 2.81 L/kg (log VDss > 0.45).
NVIC0059,OC(=O)c1ccc2c(c1)[nH]cc(c2=O)C(=O)O	,-4.33,- ,Non-Penetrable,0.008,Non-Penetrable  (High Confidence),0.73,None,36.76,Proper Value: therapeutic index < 90 perc; Poor Value value > 90 perc,0.24,Low Value: < 0.71 L/kg (log VDss < -0.15); High Value > 2.81 L/kg (log VDss > 0.45).
NVIC0060,Cc1cc(ccc1N1C(=O)CC2(C1=O)CCCC2)c1ccc(c(c1)C)N1C(=O)CC2(C1=O)CCCC2	,-2.47,- ,Penetrable,0.995,Penetrable  (High Confidence),2.29,None,86.2,Proper Value: therapeutic index < 90 perc; Poor Value value > 90 perc,1.09,Low Value: < 0.71 L/kg (log VDss < -0.15); High Value > 2.81 L/kg (log VDss > 0.45).
NVIC0061,NCC1(CCCCC1)CC(=O)O	,-2.71,- ,Penetrable,0.974,Penetrable  (High Confidence),0.23,None,15.74,Proper Value: therapeutic index < 90 perc; Poor Value value > 90 perc,0.59,Low Value: < 0.71 L/kg (log VDss < -0.15); High Value > 2.81 L/kg (log VDss > 0.45).
NVIC0062,C[N+](=C1C=CC(=C(c2ccc(cc2)N(C)C)c2ccc(cc2)N(C)C)C=C1)C	,-1.55,- ,Penetrable,0.964,Penetrable  (High Confidence),1.22,None,11.91,Proper Value: therapeutic index < 90 perc; Poor Value value > 90 perc,8.02,Low Value: < 0.71 L/kg (log VDss < -0.15); High Value > 2.81 L/kg (log VDss > 0.45).
NVIC0063,CC1=CC(=O)c2c3c1c1C(=CC(=O)c4c1c1c3c3c(c2O)c(O)cc(c3c2c1c(c4O)c(O)cc2O)O)C	,-2.81,- ,Non-Penetrable,0,Non-Penetrable  (High Confidence),1.56,None,83.77,Proper Value: therapeutic index < 90 perc; Poor Value value > 90 perc,0.44,Low Value: < 0.71 L/kg (log VDss < -0.15); High Value > 2.81 L/kg (log VDss > 0.45).
NVIC0064,OCC(CNC(=O)c1c(I)c(N(C(=O)C)CC(CN(c2c(I)c(C(=O)NCC(CO)O)c(c(c2I)C(=O)NCC(CO)O)I)C(=O)C)O)c(c(c1I)C(=O)NCC(CO)O)I)O	,-2.07,- ,Non-Penetrable,0,Non-Penetrable  (High Confidence),-0.04,None,12.04,Proper Value: therapeutic index < 90 perc; Poor Value value > 90 perc,0.2,Low Value: < 0.71 L/kg (log VDss < -0.15); High Value > 2.81 L/kg (log VDss > 0.45).
NVIC0065,OC[C@H]1O[C@H]([C@@H]([C@@H]1O)O)n1cnc(n1)C(=O)N	,-3.85,- ,Penetrable,0.996,Penetrable  (High Confidence),0.42,None,20.18,Proper Value: therapeutic index < 90 perc; Poor Value value > 90 perc,0.83,Low Value: < 0.71 L/kg (log VDss < -0.15); High Value > 2.81 L/kg (log VDss > 0.45).
NVIC0066,CC(C[C@@H](B(O)O)NC(=O)[C@@H](NC(=O)c1cnccn1)Cc1ccccc1)C	,-2.51,- ,Non-Penetrable,0.242,Non-Penetrable  (Medium Confidence),0.96,None,80.34,Proper Value: therapeutic index < 90 perc; Poor Value value > 90 perc,0.63,Low Value: < 0.71 L/kg (log VDss < -0.15); High Value > 2.81 L/kg (log VDss > 0.45).
NVIC0067,O=C(C(F)(F)F)Nc1sc2c(c1C(=O)Nc1cccc3c1cccc3)CCCC2	,-1.51,- ,Penetrable,1,Penetrable  (High Confidence),2.36,None,88.6,Proper Value: therapeutic index < 90 perc; Poor Value value > 90 perc,2.74,Low Value: < 0.71 L/kg (log VDss < -0.15); High Value > 2.81 L/kg (log VDss > 0.45).
NVIC0068,O[C@@H]1[C@H](O)[C@H](O[C@H]1N1C=CCC(=C1)C(=O)N)COP(=O)(OP(=O)(OC[C@H]1O[C@H]([C@@H]([C@@H]1O)O)n1cnc2c1ncnc2N)O)O	,-3.81,- ,Penetrable,0.692,Penetrable  (Medium Confidence),1.08,None,45.26,Proper Value: therapeutic index < 90 perc; Poor Value value > 90 perc,1.48,Low Value: < 0.71 L/kg (log VDss < -0.15); High Value > 2.81 L/kg (log VDss > 0.45).
NVIC0069,CSC[C@H]1O[C@H]([C@@H]([C@@H]1O)O)n1cnc2c1ncnc2N	,-3.21,- ,Penetrable,0.983,Penetrable  (High Confidence),0.33,None,34.73,Proper Value: therapeutic index < 90 perc; Poor Value value > 90 perc,3.37,Low Value: < 0.71 L/kg (log VDss < -0.15); High Value > 2.81 L/kg (log VDss > 0.45).
NVIC0070,OC[C@@H](C(=O)N1CCC[C@H]1C(=O)N[C@H](C(=O)N[C@H](C(=O)O)CCCN=C(N)N)Cc1ccccc1)NC(=O)[C@H](Cc1ccccc1)NC(=O)CNC(=O)[C@@H]1CCCN1C(=O)[C@@H]1CCCN1C(=O)[C@H](CCCN=C(N)N)N	,-3.32,- ,Non-Penetrable,0,Non-Penetrable  (High Confidence),0.96,None,62.16,Proper Value: therapeutic index < 90 perc; Poor Value value > 90 perc,0.44,Low Value: < 0.71 L/kg (log VDss < -0.15); High Value > 2.81 L/kg (log VDss > 0.45).
NVIC0071,Oc1ccc(cc1)[C@@H]1CC(=O)c2c(O1)cc(cc2O)O	,-2.62,- ,Non-Penetrable,0.327,Non-Penetrable  (Medium Confidence),0.91,None,80.76,Proper Value: therapeutic index < 90 perc; Poor Value value > 90 perc,1.03,Low Value: < 0.71 L/kg (log VDss < -0.15); High Value > 2.81 L/kg (log VDss > 0.45).
NVIC0072,CO[C@H]([C@@H]([C@H]1O[C@@]2(CC[C@@](O2)(C)[C@H]2CC[C@@](O2)(CC)[C@@H]2O[C@H](C[C@@H]2C)[C@H]2O[C@@](O)(CO)[C@@H](C[C@@H]2C)C)C[C@@H]([C@H]1C)O)C)[C@@H](C(=O)O)C	,-3.95,- ,Non-Penetrable,0,Non-Penetrable  (High Confidence),0.95,None,99.84,Proper Value: therapeutic index < 90 perc; Poor Value value > 90 perc,0.86,Low Value: < 0.71 L/kg (log VDss < -0.15); High Value > 2.81 L/kg (log VDss > 0.45).
NVIC0073,CCn1cc(C(=O)NCc2ccc(cc2)Cl)c(=O)c2c1cc(cc2)C(F)(F)F	,-2.04,- ,Penetrable,1,Penetrable  (High Confidence),1.88,None,91.07,Proper Value: therapeutic index < 90 perc; Poor Value value > 90 perc,3.18,Low Value: < 0.71 L/kg (log VDss < -0.15); High Value > 2.81 L/kg (log VDss > 0.45).
NVIC0074,NC(=O)C1CCN(CC1)c1cc2c(cc1F)c(=O)c(cn2C1CC1)C(=O)NCc1ccc(cc1Cl)Cl	,-2.1,- ,Non-Penetrable,0.136,Non-Penetrable  (High Confidence),1.27,None,79.45,Proper Value: therapeutic index < 90 perc; Poor Value value > 90 perc,2.24,Low Value: < 0.71 L/kg (log VDss < -0.15); High Value > 2.81 L/kg (log VDss > 0.45).
NVIC0075,CCOC(=O)C1CCN(CC1)c1cc2n(CC)cc(c(=O)c2cc1F)C(=O)NCc1ccc(cc1Cl)Cl	,-2.26,- ,Penetrable,0.527,Penetrable  (Low Confidence),1.32,None,79.13,Proper Value: therapeutic index < 90 perc; Poor Value value > 90 perc,2.45,Low Value: < 0.71 L/kg (log VDss < -0.15); High Value > 2.81 L/kg (log VDss > 0.45).
NVIC0076,CCOC(=O)N1CCN(CC1)c1cc2n(CC)cc(c(=O)c2cc1F)C(=O)NCc1ccc(cc1Cl)Cl	,-2.08,- ,Penetrable,0.845,Penetrable  (High Confidence),1.3,None,87.55,Proper Value: therapeutic index < 90 perc; Poor Value value > 90 perc,1.88,Low Value: < 0.71 L/kg (log VDss < -0.15); High Value > 2.81 L/kg (log VDss > 0.45).
NVIC0077,CCOC(=O)N1CCN(CC1)c1cc2c(cc1F)c(=O)c(cn2C1CC1)C(=O)NCc1ccc(cc1Cl)Cl	,-2.02,- ,Penetrable,0.537,Penetrable  (Low Confidence),1.37,None,89.51,Proper Value: therapeutic index < 90 perc; Poor Value value > 90 perc,2.09,Low Value: < 0.71 L/kg (log VDss < -0.15); High Value > 2.81 L/kg (log VDss > 0.45).
NVIC0078,OC[C@H]1O[C@@]([C@@H]([C@@H]1O)O)(C#N)c1ccc2n1ncnc2N	,-3.24,- ,Penetrable,0.921,Penetrable  (High Confidence),0.52,None,34.32,Proper Value: therapeutic index < 90 perc; Poor Value value > 90 perc,0.99,Low Value: < 0.71 L/kg (log VDss < -0.15); High Value > 2.81 L/kg (log VDss > 0.45).
NVIC0079,CCCCCCCC/C=C\CCCCCCCC(=O)O	,-2.11,- ,Penetrable,0.976,Penetrable  (High Confidence),1.4,None,46.09,Proper Value: therapeutic index < 90 perc; Poor Value value > 90 perc,0.9,Low Value: < 0.71 L/kg (log VDss < -0.15); High Value > 2.81 L/kg (log VDss > 0.45).
NVIC0080,CCCCCCCC(=O)O[C@@H]1[C@@H](OC(=O)/C(=C\C)/C)C(=C2[C@H]1[C@@](C)(OC(=O)C)C[C@@H]([C@]1([C@H]2OC(=O)[C@@]1(C)O)O)OC(=O)CCC)C	,-3.32,- ,Non-Penetrable,0.002,Non-Penetrable  (High Confidence),0.66,None,97.13,Proper Value: therapeutic index < 90 perc; Poor Value value > 90 perc,1.34,Low Value: < 0.71 L/kg (log VDss < -0.15); High Value > 2.81 L/kg (log VDss > 0.45).
NVIC0081,OC[C@H]1O[C@H]([C@@H]([C@@H]1O)O)c1[nH]nc2c1ncnc2N	,-3.63,- ,Penetrable,0.983,Penetrable  (High Confidence),0.58,None,51.8,Proper Value: therapeutic index < 90 perc; Poor Value value > 90 perc,0.79,Low Value: < 0.71 L/kg (log VDss < -0.15); High Value > 2.81 L/kg (log VDss > 0.45).
NVIC0082,C[C@H](C(C)(C)C)NC(=O)C(=O)c1ccc(cc1)C1CCCCC1	,-2.03,- ,Penetrable,0.993,Penetrable  (High Confidence),1.14,None,70.24,Proper Value: therapeutic index < 90 perc; Poor Value value > 90 perc,1.45,Low Value: < 0.71 L/kg (log VDss < -0.15); High Value > 2.81 L/kg (log VDss > 0.45).
NVIC0083,COC(=O)C1=C(C)NC(=C(C1c1ccccc1[N+](=O)[O-])C(=O)OC)C	,-2.95,- ,Non-Penetrable,0.002,Non-Penetrable  (High Confidence),0.78,None,61.73,Proper Value: therapeutic index < 90 perc; Poor Value value > 90 perc,1.46,Low Value: < 0.71 L/kg (log VDss < -0.15); High Value > 2.81 L/kg (log VDss > 0.45).
NVIC0084,CC/C(=C(\c1ccc(cc1)O)/c1ccc(cc1)OCCN(C)C)/c1ccccc1	,-1.16,- ,Non-Penetrable,0,Non-Penetrable  (High Confidence),1.2,None,75.94,Proper Value: therapeutic index < 90 perc; Poor Value value > 90 perc,2.96,Low Value: < 0.71 L/kg (log VDss < -0.15); High Value > 2.81 L/kg (log VDss > 0.45).
NVIC0085,OC[C@H]1O[C@H]([C@@H]([C@@H]1O)O)n1cnc(c1C#C)C(=O)N	,-3.61,- ,Penetrable,0.991,Penetrable  (High Confidence),0.62,None,26.49,Proper Value: therapeutic index < 90 perc; Poor Value value > 90 perc,0.95,Low Value: < 0.71 L/kg (log VDss < -0.15); High Value > 2.81 L/kg (log VDss > 0.45).
NVIC0086,[N-]=[N+]=N[C@]1(CO)O[C@H]([C@@H]([C@@H]1O)O)n1ccc(nc1=O)N	,-4.25,- ,Penetrable,0.887,Penetrable  (High Confidence),0.85,None,16.57,Proper Value: therapeutic index < 90 perc; Poor Value value > 90 perc,1.9,Low Value: < 0.71 L/kg (log VDss < -0.15); High Value > 2.81 L/kg (log VDss > 0.45).
NVIC0087,CCCCCCCCc1[nH]c2c3c1C[C@@H](CO)NC(=O)[C@@H](N(c3ccc2)C)C(C)C	,-2.32,- ,Penetrable,0.746,Penetrable  (Medium Confidence),1.49,None,78.84,Proper Value: therapeutic index < 90 perc; Poor Value value > 90 perc,2.49,Low Value: < 0.71 L/kg (log VDss < -0.15); High Value > 2.81 L/kg (log VDss > 0.45).
NVIC0088,O=C[C@@H](NC(=O)[C@@H](NC(=O)[C@@H](NC(=O)OCc1ccccc1)CC(C)C)CC(C)C)CC(C)C	,-1.45,- ,Non-Penetrable,0.303,Non-Penetrable  (Medium Confidence),0.62,None,75.65,Proper Value: therapeutic index < 90 perc; Poor Value value > 90 perc,0.92,Low Value: < 0.71 L/kg (log VDss < -0.15); High Value > 2.81 L/kg (log VDss > 0.45).
NVIC0089,COc1ccc(cc1)P(=S)(N1CCOCC1)S	,-2.56,- ,Penetrable,1,Penetrable  (High Confidence),0.78,None,37.67,Proper Value: therapeutic index < 90 perc; Poor Value value > 90 perc,1.57,Low Value: < 0.71 L/kg (log VDss < -0.15); High Value > 2.81 L/kg (log VDss > 0.45).
NVIC0090,ClCCN(C(COc1ccccc1)C)Cc1ccccc1	,-2.07,- ,Penetrable,0.989,Penetrable  (High Confidence),1.02,None,48.73,Proper Value: therapeutic index < 90 perc; Poor Value value > 90 perc,2,Low Value: < 0.71 L/kg (log VDss < -0.15); High Value > 2.81 L/kg (log VDss > 0.45).
NVIC0091,O=C(N1CC(=O)N2C(C1)c1ccccc1CC2)C1CCCCC1	,-2.12,- ,Penetrable,0.981,Penetrable  (High Confidence),0.95,None,67.74,Proper Value: therapeutic index < 90 perc; Poor Value value > 90 perc,1.34,Low Value: < 0.71 L/kg (log VDss < -0.15); High Value > 2.81 L/kg (log VDss > 0.45).
NVIC0092,Fc1c[nH]c(=O)c(n1)C(=O)N	,-3.08,- ,Penetrable,1,Penetrable  (High Confidence),0.25,None,-3.67,Proper Value: therapeutic index < 90 perc; Poor Value value > 90 perc,0.53,Low Value: < 0.71 L/kg (log VDss < -0.15); High Value > 2.81 L/kg (log VDss > 0.45).
NVIC0093,OC(COc1cccc2c1cccc2)CNC(C)C	,-1.65,- ,Penetrable,0.526,Penetrable  (Low Confidence),0.77,None,44.71,Proper Value: therapeutic index < 90 perc; Poor Value value > 90 perc,2.44,Low Value: < 0.71 L/kg (log VDss < -0.15); High Value > 2.81 L/kg (log VDss > 0.45).
NVIC0094,O=C1CC(c2ccc3c(c2)OCO3)c2c(N1)[nH]c(nc2=O)SCc1cccc(c1)F	,-2.85,- ,Penetrable,1,Penetrable  (High Confidence),1.84,None,92.09,Proper Value: therapeutic index < 90 perc; Poor Value value > 90 perc,0.88,Low Value: < 0.71 L/kg (log VDss < -0.15); High Value > 2.81 L/kg (log VDss > 0.45).
NVIC0095,O=C(Nc1ccccc1F)N[C@H]1N=C(c2ccccc2)c2c(NC1=O)cccc2	,-0.71,- ,Penetrable,0.994,Penetrable  (High Confidence),1.54,None,112.37,Proper Value: therapeutic index < 90 perc; Poor Value value > 90 perc,0.43,Low Value: < 0.71 L/kg (log VDss < -0.15); High Value > 2.81 L/kg (log VDss > 0.45).
NVIC0096,C/C=C/CC(C(C1C(=O)NC(CC)C(=O)N(C)CC(=O)N(C)C(CC(C)C)C(=O)NC(C(C)C)C(=O)N(C)C(CC(C)C)C(=O)NC(C(=O)NC(C(=O)N(C(C(=O)N(C(C(=O)N(C(C(=O)N1C)C(C)C)C)CC(C)C)C)CC(C)C)C)C)C)O)C	,-2.41,- ,Non-Penetrable,0,Non-Penetrable  (High Confidence),0.31,None,26.17,Proper Value: therapeutic index < 90 perc; Poor Value value > 90 perc,0.64,Low Value: < 0.71 L/kg (log VDss < -0.15); High Value > 2.81 L/kg (log VDss > 0.45).
NVIC0097,CC(CCC[C@H]([C@H]1CC[C@@H]2[C@]1(C)CCC/C/2=C\C=C/1\C[C@@H](O)CCC1=C)C)C	,-1.62,- ,Penetrable,0.984,Penetrable  (High Confidence),1.6,None,88.31,Proper Value: therapeutic index < 90 perc; Poor Value value > 90 perc,2.21,Low Value: < 0.71 L/kg (log VDss < -0.15); High Value > 2.81 L/kg (log VDss > 0.45).
NVIC0098,Oc1cc(O)c2c(c1)oc(c(c2=O)O[C@@H]1O[C@H](CO[C@@H]2O[C@@H](C)[C@@H]([C@H]([C@H]2O)O)O)[C@H]([C@@H]([C@H]1O)O)O)c1ccc(c(c1)O)O	,-4.61,- ,Non-Penetrable,0,Non-Penetrable  (High Confidence),0.74,None,67.64,Proper Value: therapeutic index < 90 perc; Poor Value value > 90 perc,0.77,Low Value: < 0.71 L/kg (log VDss < -0.15); High Value > 2.81 L/kg (log VDss > 0.45).
NVIC0099,O=C(c1c(O)c(Cc2c(O)c(C)c(c(c2O)C(=O)C)O)c(c2c1OC(C)(C)C=C2)O)/C=C/c1ccccc1	,-3.49,- ,Penetrable,0.992,Penetrable  (High Confidence),0.99,None,81.71,Proper Value: therapeutic index < 90 perc; Poor Value value > 90 perc,0.79,Low Value: < 0.71 L/kg (log VDss < -0.15); High Value > 2.81 L/kg (log VDss > 0.45).
NVIC0100,O[C@H]1CCC(=C)/C(=C\C=C\2/CCC[C@]3([C@H]2CC[C@@H]3[C@@H](CCCC(O)(C)C)C)C)/C1	,-1.69,- ,Penetrable,0.938,Penetrable  (High Confidence),1.36,None,83.91,Proper Value: therapeutic index < 90 perc; Poor Value value > 90 perc,2.17,Low Value: < 0.71 L/kg (log VDss < -0.15); High Value > 2.81 L/kg (log VDss > 0.45).
NVIC0101,C1CCC[C@@H]2CCCN3[C@@H]2O[C@@H](CCCCCC[C@@H]2[C@H]4O[C@@H](CC1)CCN4CCC2)CC3	,-3.82,- ,Penetrable,0.98,Penetrable  (High Confidence),0.74,None,59.45,Proper Value: therapeutic index < 90 perc; Poor Value value > 90 perc,1.76,Low Value: < 0.71 L/kg (log VDss < -0.15); High Value > 2.81 L/kg (log VDss > 0.45).
NVIC0102,COc1cc2c(cc1OCCCN1CCN(CC1)C)ncc(c2Nc1cc(OC)c(cc1Cl)Cl)C#N	,-1.78,- ,Penetrable,0.525,Penetrable  (Low Confidence),1.28,None,86.65,Proper Value: therapeutic index < 90 perc; Poor Value value > 90 perc,1.74,Low Value: < 0.71 L/kg (log VDss < -0.15); High Value > 2.81 L/kg (log VDss > 0.45).
NVIC0103,COC(=O)C(C1CC2N(C/C/1=C\C)CCc1c2[nH]c2c1cccc2)Cc1c[n+]2CC3C(C)OC=C(C3Cc2c2c1c1ccccc1[nH]2)C(=O)OC	,-2.98,- ,Penetrable,1,Penetrable  (High Confidence),1.3,None,55.84,Proper Value: therapeutic index < 90 perc; Poor Value value > 90 perc,2.89,Low Value: < 0.71 L/kg (log VDss < -0.15); High Value > 2.81 L/kg (log VDss > 0.45).
NVIC0104,O=C(c1ccncc1)N/N=C(/C(=O)O)\C	,-3.88,- ,Penetrable,0.993,Penetrable  (High Confidence),0.58,None,46.47,Proper Value: therapeutic index < 90 perc; Poor Value value > 90 perc,0.61,Low Value: < 0.71 L/kg (log VDss < -0.15); High Value > 2.81 L/kg (log VDss > 0.45).
NVIC0105,O=C[C@@H]([C@H]([C@@H]([C@@H](CO[C@H]1O[C@H](CO[C@H]2O[C@H](CO)[C@@H]([C@@H]([C@H]2O)O)O)[C@@H]([C@@H]([C@H]1O)O)O)O)O)O)O	,-4.41,- ,Non-Penetrable,0,Non-Penetrable  (High Confidence),0.49,None,43.32,Proper Value: therapeutic index < 90 perc; Poor Value value > 90 perc,0.43,Low Value: < 0.71 L/kg (log VDss < -0.15); High Value > 2.81 L/kg (log VDss > 0.45).
NVIC0106,N#C[C@]1(O[C@@H]([C@H]([C@H]1O)O)COP(=O)(OP(=O)(OP(=O)(O)O)O)O)c1ccc2n1ncnc2N	,-3.92,- ,Non-Penetrable,0.13,Non-Penetrable  (High Confidence),0.99,None,63.42,Proper Value: therapeutic index < 90 perc; Poor Value value > 90 perc,0.13,Low Value: < 0.71 L/kg (log VDss < -0.15); High Value > 2.81 L/kg (log VDss > 0.45).
NVIC0107,CC(=O)Nc1ccc(cc1)/C(=N\Nc1nc(Nc2ccccc2)nc(n1)N1CCOCC1)/C	,-1.4,- ,Penetrable,1,Penetrable  (High Confidence),1.23,None,100.76,Proper Value: therapeutic index < 90 perc; Poor Value value > 90 perc,1.12,Low Value: < 0.71 L/kg (log VDss < -0.15); High Value > 2.81 L/kg (log VDss > 0.45).
NVIC0108,Cc1cccn2c1ncc(c2=O)c1n[nH]nn1	,-3.57,- ,Penetrable,0.999,Penetrable  (High Confidence),0.84,None,71.26,Proper Value: therapeutic index < 90 perc; Poor Value value > 90 perc,0.43,Low Value: < 0.71 L/kg (log VDss < -0.15); High Value > 2.81 L/kg (log VDss > 0.45).
NVIC0109,O[C@@H]1[C@H](O)[C@H](O[C@H]1[n+]1cccc(c1)C(=O)N)COP(=O)(OP(=O)(OC[C@H]1O[C@H]([C@@H]([C@@H]1O)OP(=O)(O)O)n1cnc2c1ncnc2N)O)[O-]	,-3.87,- ,Non-Penetrable,0.35,Non-Penetrable  (Low Confidence),1.27,None,73.85,Proper Value: therapeutic index < 90 perc; Poor Value value > 90 perc,1.39,Low Value: < 0.71 L/kg (log VDss < -0.15); High Value > 2.81 L/kg (log VDss > 0.45).
NVIC0110,OC[C@H]1O[C@H]([C@@H]([C@@H]1O)O)n1ncc(=O)[nH]c1=O	,-4.12,- ,Penetrable,0.98,Penetrable  (High Confidence),0.31,None,27.34,Proper Value: therapeutic index < 90 perc; Poor Value value > 90 perc,0.33,Low Value: < 0.71 L/kg (log VDss < -0.15); High Value > 2.81 L/kg (log VDss > 0.45).
NVIC0111,OS(=O)(=O)c1ccccc1NCCOCC1=C(C(=O)OCC)C(C(=C(N1)C)C(=O)OC)c1ccccc1Cl	,-3.45,- ,Non-Penetrable,0,Non-Penetrable  (High Confidence),1.43,None,93.4,Proper Value: therapeutic index < 90 perc; Poor Value value > 90 perc,0.73,Low Value: < 0.71 L/kg (log VDss < -0.15); High Value > 2.81 L/kg (log VDss > 0.45).
NVIC0112,COCC(=O)O[C@]1(CCN(CCCc2nc3c([nH]2)cccc3)C)CCc2c([C@@H]1C(C)C)ccc(c2)F	,-2.55,- ,Non-Penetrable,0.005,Non-Penetrable  (High Confidence),1.95,None,95.93,Proper Value: therapeutic index < 90 perc; Poor Value value > 90 perc,3.1,Low Value: < 0.71 L/kg (log VDss < -0.15); High Value > 2.81 L/kg (log VDss > 0.45).
NVIC0114,OC[C@@]12SS[C@@]3(N(C1=O)[C@@H]1[C@@H](O)C=CC=C1C3)C(=O)N2C	,-3.2,- ,Non-Penetrable,0,Non-Penetrable  (High Confidence),0.44,None,33.43,Proper Value: therapeutic index < 90 perc; Poor Value value > 90 perc,0.89,Low Value: < 0.71 L/kg (log VDss < -0.15); High Value > 2.81 L/kg (log VDss > 0.45).
NVIC0115,NC(=O)C[C@@H]1NC(=O)[C@H](CCC(=O)N)NC(=O)[C@H](Cc2ccccc2)NC(=O)[C@H](Cc2ccc(cc2)O)NC(=O)[C@H](CSSC[C@H](NC1=O)C(=O)N1CCC[C@H]1C(=O)N[C@H](C(=O)NCC(=O)N)CCCN=C(N)N)N	,-2.63,- ,Non-Penetrable,0,Non-Penetrable  (High Confidence),0.58,None,49.07,Proper Value: therapeutic index < 90 perc; Poor Value value > 90 perc,0.48,Low Value: < 0.71 L/kg (log VDss < -0.15); High Value > 2.81 L/kg (log VDss > 0.45).
NVIC0116,Cl[La](Cl)Cl	,-2.47,- ,Penetrable,1,Penetrable  (High Confidence),0.82,None,-5.72,Proper Value: therapeutic index < 90 perc; Poor Value value > 90 perc,1.36,Low Value: < 0.71 L/kg (log VDss < -0.15); High Value > 2.81 L/kg (log VDss > 0.45).
NVIC0117,OP(=O)(O)OOP(=O)(O)OCCN(CCCC(Nc1ccnc2c1ccc(c2)Cl)C)CC	,-2.48,- ,Non-Penetrable,0,Non-Penetrable  (High Confidence),1.06,None,63.52,Proper Value: therapeutic index < 90 perc; Poor Value value > 90 perc,0.31,Low Value: < 0.71 L/kg (log VDss < -0.15); High Value > 2.81 L/kg (log VDss > 0.45).
NVIC0118,O[C@H]1CC[C@]2(C(=CC[C@@H]3[C@@H]2CC[C@]2([C@H]3CC[C@@H]2[C@@H](CCCC(O)(C)C)C)C)C1)C	,-2.15,- ,Penetrable,1,Penetrable  (High Confidence),1.37,None,77.45,Proper Value: therapeutic index < 90 perc; Poor Value value > 90 perc,1.48,Low Value: < 0.71 L/kg (log VDss < -0.15); High Value > 2.81 L/kg (log VDss > 0.45).
NVIC0120,Clc1cc(Cl)c2c(c1)[nH]c(=O)c(c2O)SCCCc1cncnc1	,-2.04,- ,Penetrable,0.994,Penetrable  (High Confidence),1.79,None,88.05,Proper Value: therapeutic index < 90 perc; Poor Value value > 90 perc,0.78,Low Value: < 0.71 L/kg (log VDss < -0.15); High Value > 2.81 L/kg (log VDss > 0.45).
NVIC0121,C[C@@H](C[C@H](/C(=C/C(=O)[C@H](C[C@H](C[C@@H](CCC(=O)O)C)C)C)/O)C)C/C=C/[C@H]([C@H]([C@H]([C@H](C[C@@H]1CC[C@@](O1)(C)[C@H]1CC[C@@](O1)(C)[C@H](O)C)O)C)O)C	,-2.57,- ,Non-Penetrable,0,Non-Penetrable  (High Confidence),1.11,None,109.35,Proper Value: therapeutic index < 90 perc; Poor Value value > 90 perc,1,Low Value: < 0.71 L/kg (log VDss < -0.15); High Value > 2.81 L/kg (log VDss > 0.45).
NVIC0122,O=C1CN(C(=O)N1)/N=C/c1ccc(o1)c1ccc(cc1)[N+](=O)[O-]	,-2.9,- ,Penetrable,0.98,Penetrable  (High Confidence),1.1,None,63.05,Proper Value: therapeutic index < 90 perc; Poor Value value > 90 perc,0.7,Low Value: < 0.71 L/kg (log VDss < -0.15); High Value > 2.81 L/kg (log VDss > 0.45).
NVIC0123,COc1c(OC)cc2c3c1Oc1cc4c(cc1OC)CCN([C@H]4Cc1ccc(Oc4cc(C[C@@H]3N(CC2)C)ccc4OC)cc1)C	,-2.49,- ,Penetrable,0.688,Penetrable  (Medium Confidence),0.9,None,53.51,Proper Value: therapeutic index < 90 perc; Poor Value value > 90 perc,0.76,Low Value: < 0.71 L/kg (log VDss < -0.15); High Value > 2.81 L/kg (log VDss > 0.45).
NVIC0124,C=CCc1cccc2c1oc(=O)c(c2)C(=O)Nc1ccccc1C(=O)O	,-3.1,- ,Penetrable,0.902,Penetrable  (High Confidence),1.45,None,87.73,Proper Value: therapeutic index < 90 perc; Poor Value value > 90 perc,0.26,Low Value: < 0.71 L/kg (log VDss < -0.15); High Value > 2.81 L/kg (log VDss > 0.45).
NVIC0125,CCNc1nc(nc(n1)N(CC(=O)OC)C#N)NC(C)(C)C	,-2.14,- ,Penetrable,0.997,Penetrable  (High Confidence),0.47,None,31.04,Proper Value: therapeutic index < 90 perc; Poor Value value > 90 perc,0.91,Low Value: < 0.71 L/kg (log VDss < -0.15); High Value > 2.81 L/kg (log VDss > 0.45).
NVIC0126,Cc1ccc(cc1)n1c2CC(C)(C)CC(=O)c2cc(c1=O)C(=O)N1CCOCC1	,-2.36,- ,Penetrable,1,Penetrable  (High Confidence),1.48,None,77.57,Proper Value: therapeutic index < 90 perc; Poor Value value > 90 perc,0.95,Low Value: < 0.71 L/kg (log VDss < -0.15); High Value > 2.81 L/kg (log VDss > 0.45).
NVIC0127,O1CCN(CC1)c1nc(N/N=C/c2cccnc2)nc(n1)Nc1ccccc1	,-1.55,- ,Penetrable,1,Penetrable  (High Confidence),1.3,None,90.34,Proper Value: therapeutic index < 90 perc; Poor Value value > 90 perc,1.2,Low Value: < 0.71 L/kg (log VDss < -0.15); High Value > 2.81 L/kg (log VDss > 0.45).
NVIC0128,Fc1ccc(cc1F)S(=O)(=O)Nc1ccc(cc1)n1cnnn1	,-2.94,- ,Penetrable,0.997,Penetrable  (High Confidence),1.33,None,79.55,Proper Value: therapeutic index < 90 perc; Poor Value value > 90 perc,0.43,Low Value: < 0.71 L/kg (log VDss < -0.15); High Value > 2.81 L/kg (log VDss > 0.45).
NVIC0129,N#CN(c1nc(NC(C)C)nc(n1)NC(C)C)CC(=O)OC	,-2.23,- ,Penetrable,0.994,Penetrable  (High Confidence),0.44,None,29.72,Proper Value: therapeutic index < 90 perc; Poor Value value > 90 perc,1.15,Low Value: < 0.71 L/kg (log VDss < -0.15); High Value > 2.81 L/kg (log VDss > 0.45).
NVIC0130,OC(=O)CCCc1c[nH]c2c1cccc2	,-1.71,- ,Penetrable,0.891,Penetrable  (High Confidence),0.93,None,30.32,Proper Value: therapeutic index < 90 perc; Poor Value value > 90 perc,0.77,Low Value: < 0.71 L/kg (log VDss < -0.15); High Value > 2.81 L/kg (log VDss > 0.45).
NVIC0131,OC(=O)c1cccc2c1c(=O)c(c[nH]2)C(=O)O	,-4.27,- ,Non-Penetrable,0.059,Non-Penetrable  (High Confidence),0.55,None,39.69,Proper Value: therapeutic index < 90 perc; Poor Value value > 90 perc,0.27,Low Value: < 0.71 L/kg (log VDss < -0.15); High Value > 2.81 L/kg (log VDss > 0.45).
NVIC0132,O=C(N[C@@H](C(=O)N1CCc2c1cccc2)c1ccccc1)Nc1ccc(cc1)C	,-1.15,- ,Penetrable,0.994,Penetrable  (High Confidence),2.16,None,101.72,Proper Value: therapeutic index < 90 perc; Poor Value value > 90 perc,1.09,Low Value: < 0.71 L/kg (log VDss < -0.15); High Value > 2.81 L/kg (log VDss > 0.45).
NVIC0133,OC[C@H]1O[C@H](OC[C@H]2O[C@H](OC[C@H]3O[C@H](OC4[C@@H](O)[C@H](O)C([C@@H]([C@@H]4O)O)O)[C@@H]([C@H]([C@H]3O)O)O)[C@@H]([C@H]([C@H]2O)O)O)[C@@H]([C@H]([C@H]1O)O)O	,-4.78,- ,Non-Penetrable,0,Non-Penetrable  (High Confidence),0.56,None,42.63,Proper Value: therapeutic index < 90 perc; Poor Value value > 90 perc,-0.28,Low Value: < 0.71 L/kg (log VDss < -0.15); High Value > 2.81 L/kg (log VDss > 0.45).
NVIC0134,CCc1ccc(cc1)C1N(CCc2c1[nH]c1c2cccc1)C(=O)C1CCC1	,-2.12,- ,Penetrable,0.978,Penetrable  (High Confidence),1.91,None,73.22,Proper Value: therapeutic index < 90 perc; Poor Value value > 90 perc,2.94,Low Value: < 0.71 L/kg (log VDss < -0.15); High Value > 2.81 L/kg (log VDss > 0.45).
NVIC0135,COC(=O)C1=C2Nc3c([C@]42[C@H](C(C1)C[C@@]1(CC)COC(O1)(C)C)C(CN4)Cc1ccccc1)cccc3	,-2.52,- ,Penetrable,1,Penetrable  (High Confidence),1.7,None,81.23,Proper Value: therapeutic index < 90 perc; Poor Value value > 90 perc,3.79,Low Value: < 0.71 L/kg (log VDss < -0.15); High Value > 2.81 L/kg (log VDss > 0.45).
NVIC0136,Cc1ccc(cc1)S(=O)(=O)CC(=O)NC1SC=C(N1)c1ccc(cc1)O	,-2.1,- ,Non-Penetrable,0,Non-Penetrable  (High Confidence),1,None,56.71,Proper Value: therapeutic index < 90 perc; Poor Value value > 90 perc,0.32,Low Value: < 0.71 L/kg (log VDss < -0.15); High Value > 2.81 L/kg (log VDss > 0.45).
NVIC0137,Fc1cnc(c(n1)C(=O)N1CCN(CC1)c1nnc(o1)c1ccccc1)O	,-2.68,- ,Penetrable,0.933,Penetrable  (High Confidence),1.37,None,92.68,Proper Value: therapeutic index < 90 perc; Poor Value value > 90 perc,0.94,Low Value: < 0.71 L/kg (log VDss < -0.15); High Value > 2.81 L/kg (log VDss > 0.45).
NVIC0138,Clc1ccc(cc1)c1nnc(o1)N1CCN(CC1)C(=O)c1nc(F)cnc1O	,-2.7,- ,Penetrable,0.93,Penetrable  (High Confidence),1.54,None,96.57,Proper Value: therapeutic index < 90 perc; Poor Value value > 90 perc,0.84,Low Value: < 0.71 L/kg (log VDss < -0.15); High Value > 2.81 L/kg (log VDss > 0.45).
NVIC0139,Oc1ccc(cc1)c1nnc(o1)N1CCN(CC1)C(=O)c1nc(F)cnc1O	,-2.82,- ,Non-Penetrable,0.145,Non-Penetrable  (High Confidence),1.35,None,88.72,Proper Value: therapeutic index < 90 perc; Poor Value value > 90 perc,0.85,Low Value: < 0.71 L/kg (log VDss < -0.15); High Value > 2.81 L/kg (log VDss > 0.45).
NVIC0140,OCC(C(CO)O)NC(=O)c1c(I)c(N(C(=O)CC(=O)N(c2c(I)c(C(=O)NC(C(CO)O)CO)c(c(c2I)C(=O)NC(C(CO)O)CO)I)C)C)c(c(c1I)C(=O)NC(C(CO)O)CO)I	,-2.39,- ,Non-Penetrable,0,Non-Penetrable  (High Confidence),-0.04,None,10.31,Proper Value: therapeutic index < 90 perc; Poor Value value > 90 perc,0.18,Low Value: < 0.71 L/kg (log VDss < -0.15); High Value > 2.81 L/kg (log VDss > 0.45).
NVIC0141,OC1C(O)[C@H](O[C@H]1c1ccc2n1ncnc2N)COP(=O)(O)O	,-3.5,- ,Penetrable,0.771,Penetrable  (Medium Confidence),0.48,None,52.62,Proper Value: therapeutic index < 90 perc; Poor Value value > 90 perc,0.67,Low Value: < 0.71 L/kg (log VDss < -0.15); High Value > 2.81 L/kg (log VDss > 0.45).
NVIC0142,CC=C1CNC2C3C1CC(C)[C@H]1C(C3OC(=O)C)(C2)c2c(N1)cccc2,-1.79,- ,Penetrable,1,Penetrable  (High Confidence),1.16,None,39.84,Proper Value: therapeutic index < 90 perc; Poor Value value > 90 perc,2.79,Low Value: < 0.71 L/kg (log VDss < -0.15); High Value > 2.81 L/kg (log VDss > 0.45).